,X1,X2,word,frequency
1_2,1,2,1_2,322
7_30,7,30,7_30,18
10_a.m,10,a.m,10_a.m,26
10_years,10,years,10_years,18
11_a.m,11,a.m,11_a.m,19
30_p.m,30,p.m,30_p.m,44
a_few,a,few,a_few,2439
a_great1,a,great,a_great,2405
a_little,a,little,a_little,2171
a_lot,a,lot,a_lot,1911
a_good1,a,good,a_good,1732
a_bit,a,bit,a_bit,1378
a_good,a,good,a_good,1352
a_lot1,a,lot,a_lot,1206
a_new,a,new,a_new,1118
a_great,a,great,a_great,1102
a_little1,a,little,a_little,1026
a_new1,a,new,a_new,1008
a_few1,a,few,a_few,920
a_very,a,very,a_very,879
a_couple,a,couple,a_couple,837
a_big,a,big,a_big,548
a_long,a,long,a_long,545
a_big1,a,big,a_big,505
a_small,a,small,a_small,481
a_while,a,while,a_while,444
a_long1,a,long,a_long,404
a_bit1,a,bit,a_bit,399
a_day1,a,day,a_day,386
a_day,a,day,a_day,379
a_week,a,week,a_week,370
a_huge,a,huge,a_huge,365
a_year,a,year,a_year,364
a_nice,a,nice,a_nice,364
a_way,a,way,a_way,362
a_time,a,time,a_time,356
a_while1,a,while,a_while,352
a_book,a,book,a_book,350
a_man1,a,man,a_man,347
a_large,a,large,a_large,346
a_very1,a,very,a_very,332
a_couple1,a,couple,a_couple,309
a_man,a,man,a_man,304
a_whole,a,whole,a_whole,300
a_week1,a,week,a_week,300
a_nice1,a,nice,a_nice,291
a_different,a,different,a_different,288
a_friend,a,friend,a_friend,273
a_wonderful,a,wonderful,a_wonderful,271
a_bad,a,bad,a_bad,271
a_place,a,place,a_place,268
a_better,a,better,a_better,263
a_chance,a,chance,a_chance,263
a_free,a,free,a_free,253
a_beautiful,a,beautiful,a_beautiful,252
a_wonderful1,a,wonderful,a_wonderful,245
a_huge1,a,huge,a_huge,240
a_girl,a,girl,a_girl,239
a_friend1,a,friend,a_friend,236
a_real,a,real,a_real,229
a_better1,a,better,a_better,228
a_guy,a,guy,a_guy,203
a_game,a,game,a_game,200
a_lot2,a,lot,a_lot,116
a_few2,a,few,a_few,101
a_new2,a,new,a_new,96
a_little2,a,little,a_little,72
a_good2,a,good,a_good,67
a_year1,a,year,a_year,66
a_great2,a,great,a_great,52
a_small1,a,small,a_small,50
a_long2,a,long,a_long,43
a_big2,a,big,a_big,43
a_very2,a,very,a_very,35
a_man2,a,man,a_man,29
a_large1,a,large,a_large,28
a_day2,a,day,a_day,27
a_former,a,former,a_former,27
a_single,a,single,a_single,27
a_week2,a,week,a_week,26
a_chance1,a,chance,a_chance,24
a_time1,a,time,a_time,24
a_bit2,a,bit,a_bit,24
a_couple2,a,couple,a_couple,24
a_statement,a,statement,a_statement,21
a_more,a,more,a_more,20
a_team,a,team,a_team,20
a_huge2,a,huge,a_huge,19
a_way1,a,way,a_way,18
a_different1,a,different,a_different,18
a_better2,a,better,a_better,18
a_second,a,second,a_second,18
a_pair,a,pair,a_pair,17
a_federal,a,federal,a_federal,17
a_private,a,private,a_private,17
a_state,a,state,a_state,16
a_group,a,group,a_group,16
a_high,a,high,a_high,15
â_œi,â,œi,â_œi,40
â_he,â,he,â_he,37
â_the,â,the,â_the,34
â_and,â,and,â_and,32
â_â,â,â,â_â,30
â_said,â,said,â_said,29
â_a,â,a,â_a,28
â_œthe,â,œthe,â_œthe,27
â_œwe,â,œwe,â_œwe,21
â_but,â,but,â_but,15
a.m_to,a.m,to,a.m_to,16
ability_to,ability,to,ability_to,293
ability_to1,ability,to,ability_to,23
able_to,able,to,able_to,1402
able_to1,able,to,able_to,465
able_to2,able,to,able_to,76
about_the,about,the,about_the,1782
about_the1,about,the,about_the,925
about_it,about,it,about_it,729
about_to,about,to,about_to,709
about_it1,about,it,about_it,524
about_a,about,a,about_a,425
about_this,about,this,about_this,414
about_how,about,how,about_how,338
about_you,about,you,about_you,335
about_a1,about,a,about_a,275
about_what,about,what,about_what,270
about_that,about,that,about_that,261
about_this1,about,this,about_this,205
about_the2,about,the,about_the,139
about_a2,about,a,about_a,33
about_how1,about,how,about_how,20
about_it2,about,it,about_it,19
access_to,access,to,access_to,18
according_to,according,to,according_to,521
according_to1,according,to,according_to,112
across_the,across,the,across_the,425
across_the1,across,the,across_the,58
addition_to,addition,to,addition_to,24
after_the,after,the,after_the,586
after_a,after,a,after_a,418
after_all,after,all,after_all,346
after_the1,after,the,after_the,224
after_the2,after,the,after_the,82
after_a1,after,a,after_a,45
against_the,against,the,against_the,364
against_the1,against,the,against_the,47
all_the,all,the,all_the,2335
all_the1,all,the,all_the,1825
all_of,all,of,all_of,1404
all_of1,all,of,all_of,872
all_day,all,day,all_day,510
all_that,all,that,all_that,459
all_my,all,my,all_my,430
all_i1,all,i,all_i,397
all_i,all,i,all_i,369
all_over,all,over,all_over,296
all_over1,all,over,all_over,260
all_you,all,you,all_you,244
all_that1,all,that,all_that,238
all_night,all,night,all_night,211
all_about,all,about,all_about,211
all_your,all,your,all_your,207
all_the2,all,the,all_the,64
all_of2,all,of,all_of,54
all_about1,all,about,all_about,16
along_with,along,with,along_with,456
along_the,along,the,along_the,358
along_with1,along,with,along_with,40
along_the1,along,the,along_the,23
also_has,also,has,also_has,21
also_said,also,said,also_said,20
also_a,also,a,also_a,18
am_i,am,i,am_i,503
am_not,am,not,am_not,406
am_so,am,so,am_so,231
among_the,among,the,among_the,38
amount_of,amount,of,amount_of,355
amount_of1,amount,of,amount_of,18
an_amazing,an,amazing,an_amazing,293
an_hour,an,hour,an_hour,268
an_hour1,an,hour,an_hour,248
an_awesome,an,awesome,an_awesome,233
and_the,and,the,and_the,5915
and_i,and,i,and_i,4849
and_a,and,a,and_a,2318
and_i1,and,i,and_i,2267
and_then,and,then,and_then,1708
and_the1,and,the,and_the,1488
and_it,and,it,and_it,1475
and_that,and,that,and_that,1122
and_we,and,we,and_we,1017
and_a1,and,a,and_a,937
and_he,and,he,and_he,810
and_they,and,they,and_they,776
and_you,and,you,and_you,722
and_my,and,my,and_my,711
and_you1,and,you,and_you,687
and_in,and,in,and_in,681
and_to,and,to,and_to,657
and_not,and,not,and_not,595
and_so,and,so,and_so,594
and_his,and,his,and_his,587
and_is,and,is,and_is,556
and_then1,and,then,and_then,544
and_all,and,all,and_all,529
and_it1,and,it,and_it,515
and_how,and,how,and_how,504
and_if,and,if,and_if,497
and_she,and,she,and_she,493
and_other,and,other,and_other,492
and_there,and,there,and_there,489
and_i'm,and,i'm,and_i'm,480
and_have,and,have,and_have,463
and_this,and,this,and_this,460
and_more,and,more,and_more,443
and_what,and,what,and_what,442
and_my1,and,my,and_my,431
and_i'm1,and,i'm,and_i'm,426
and_it's,and,it's,and_it's,419
and_was,and,was,and_was,417
and_even,and,even,and_even,410
and_her,and,her,and_her,407
and_their,and,their,and_their,400
and_some,and,some,and_some,397
and_as,and,as,and_as,396
and_now,and,now,and_now,391
and_the2,and,the,and_the,386
and_we1,and,we,and_we,382
and_get1,and,get,and_get,380
and_when,and,when,and_when,374
and_for,and,for,and_for,336
and_will,and,will,and_will,335
and_your1,and,your,and_your,325
and_had,and,had,and_had,318
and_of,and,of,and_of,308
and_get,and,get,and_get,305
and_has,and,has,and_has,303
and_not1,and,not,and_not,302
and_one,and,one,and_one,298
and_just,and,just,and_just,291
and_with,and,with,and_with,286
and_they1,and,they,and_they,281
and_it's1,and,it's,and_it's,275
and_make,and,make,and_make,274
and_now1,and,now,and_now,272
and_all1,and,all,and_all,268
and_your,and,your,and_your,261
and_have1,and,have,and_have,245
and_a2,and,a,and_a,222
and_more1,and,more,and_more,212
and_he1,and,he,and_he,209
and_see,and,see,and_see,208
and_that1,and,that,and_that,202
and_for1,and,for,and_for,201
and_other1,and,other,and_other,82
and_i2,and,i,and_i,71
and_his1,and,his,and_his,71
and_he2,and,he,and_he,64
and_that2,and,that,and_that,64
and_it2,and,it,and_it,50
and_then2,and,then,and_then,49
and_in1,and,in,and_in,45
and_was1,and,was,and_was,44
and_is1,and,is,and_is,39
and_has1,and,has,and_has,39
and_they2,and,they,and_they,37
and_we2,and,we,and_we,37
and_it's2,and,it's,and_it's,31
and_more2,and,more,and_more,30
and_her1,and,her,and_her,29
and_one1,and,one,and_one,27
and_their1,and,their,and_their,26
and_some1,and,some,and_some,25
and_there1,and,there,and_there,25
and_now2,and,now,and_now,25
and_how1,and,how,and_how,24
and_with1,and,with,and_with,23
and_had1,and,had,and_had,21
and_to1,and,to,and_to,21
and_for2,and,for,and_for,20
and_that's,and,that's,and_that's,20
and_what1,and,what,and_what,19
and_will1,and,will,and_will,19
and_all2,and,all,and_all,18
and_two,and,two,and_two,18
and_its,and,its,and_its,17
and_three,and,three,and_three,17
and_are,and,are,and_are,17
and_not2,and,not,and_not,17
and_this1,and,this,and_this,17
and_she1,and,she,and_she,16
and_on,and,on,and_on,16
and_so1,and,so,and_so,16
and_also,and,also,and_also,16
and_you2,and,you,and_you,16
and_said,and,said,and_said,15
any_of,any,of,any_of,345
anyone_else,anyone,else,anyone_else,216
are_you1,are,you,are_you,2329
are_the,are,the,are_the,797
are_not,are,not,are_not,744
are_the1,are,the,are_the,734
are_a,are,a,are_a,608
are_you,are,you,are_you,433
are_so1,are,so,are_so,416
are_in,are,in,are_in,373
are_a1,are,a,are_a,371
are_all,are,all,are_all,347
are_going,are,going,are_going,315
are_going1,are,going,are_going,300
are_so,are,so,are_so,290
are_some,are,some,are_some,289
are_not1,are,not,are_not,288
are_in1,are,in,are_in,275
are_the2,are,the,are_the,42
are_not2,are,not,are_not,30
are_in2,are,in,are_in,28
are_a2,are,a,are_a,25
are_going2,are,going,are_going,22
are_more,are,more,are_more,19
around_the,around,the,around_the,729
around_the1,around,the,around_the,222
around_the2,around,the,around_the,59
as_a,as,a,as_a,2855
as_the,as,the,as_the,1786
as_i,as,i,as_i,1559
as_well,as,well,as_well,1411
as_a1,as,a,as_a,884
as_it,as,it,as_it,705
as_we,as,we,as_we,581
as_well1,as,well,as_well,570
as_they,as,they,as_they,507
as_you,as,you,as_you,487
as_an,as,an,as_an,474
as_much,as,much,as_much,462
as_i1,as,i,as_i,410
as_he,as,he,as_he,395
as_if,as,if,as_if,389
as_the1,as,the,as_the,295
as_she,as,she,as_she,269
as_a2,as,a,as_a,266
as_you1,as,you,as_you,261
as_much1,as,much,as_much,242
as_the2,as,the,as_the,143
as_well2,as,well,as_well,77
as_he1,as,he,as_he,36
as_an1,as,an,as_an,30
as_much2,as,much,as_much,28
as_it1,as,it,as_it,23
as_they1,as,they,as_they,22
as_if1,as,if,as_if,19
as_many,as,many,as_many,18
as_she1,as,she,as_she,16
as_his,as,his,as_his,16
as_we1,as,we,as_we,16
association_of,association,of,association_of,16
at_the,at,the,at_the,4655
at_the1,at,the,at_the,3777
at_least,at,least,at_least,1136
at_a,at,a,at_a,980
at_least1,at,least,at_least,830
at_all,at,all,at_all,666
at_a1,at,a,at_a,519
at_the2,at,the,at_the,467
at_this,at,this,at_this,464
at_all1,at,all,at_all,451
at_home,at,home,at_home,349
at_work,at,work,at_work,348
at_my,at,my,at_my,321
at_my1,at,my,at_my,320
at_home1,at,home,at_home,249
at_me,at,me,at_me,247
at_this1,at,this,at_this,236
at_a2,at,a,at_a,93
at_least2,at,least,at_least,80
at_all2,at,all,at_all,28
at_this2,at,this,at_this,23
at_an,at,an,at_an,17
at_his,at,his,at_his,16
at_7,at,7,at_7,15
attempt_to,attempt,to,attempt_to,19
attorney_general,attorney,general,attorney_general,16
away_from,away,from,away_from,510
away_from1,away,from,away_from,300
away_from2,away,from,away_from,25
back_to,back,to,back_to,1172
back_to1,back,to,back_to,1051
back_in1,back,in,back_in,474
back_in,back,in,back_in,444
back_and,back,and,back_and,379
back_on,back,on,back_on,273
back_to2,back,to,back_to,59
back_and1,back,and,back_and,16
based_on,based,on,based_on,406
based_on1,based,on,based_on,34
be_a1,be,a,be_a,1759
be_a,be,a,be_a,1676
be_the,be,the,be_the,816
be_the1,be,the,be_the,769
be_able,be,able,be_able,619
be_in1,be,in,be_in,609
be_there,be,there,be_there,444
be_on,be,on,be_on,406
be_in,be,in,be_in,394
be_at,be,at,be_at,304
be_so,be,so,be_so,257
be_able1,be,able,be_able,246
be_back,be,back,be_back,234
be_sure,be,sure,be_sure,230
be_an,be,an,be_an,219
be_a2,be,a,be_a,109
be_the2,be,the,be_the,75
be_able2,be,able,be_able,33
be_more,be,more,be_more,24
be_in2,be,in,be_in,21
be_an1,be,an,be_an,16
because_i,because,i,because_i,975
because_of,because,of,because_of,680
because_it,because,it,because_it,492
because_they,because,they,because_they,440
because_the,because,the,because_the,407
because_i1,because,i,because_i,382
because_of1,because,of,because_of,225
because_of2,because,of,because_of,60
because_the1,because,the,because_the,43
because_he,because,he,because_he,32
because_it1,because,it,because_it,24
because_they1,because,they,because_they,22
become_a,become,a,become_a,29
been_a,been,a,been_a,582
been_a1,been,a,been_a,377
been_a2,been,a,been_a,38
been_in,been,in,been_in,17
been_the,been,the,been_the,16
before_the,before,the,before_the,448
before_i,before,i,before_i,376
before_i1,before,i,before_i,223
before_the1,before,the,before_the,65
being_a,being,a,being_a,364
being_a1,being,a,being_a,295
being_a2,being,a,being_a,16
believe_that,believe,that,believe_that,313
best_friend,best,friend,best_friend,232
better_than1,better,than,better_than,445
better_than,better,than,better_than,278
between_the,between,the,between_the,394
between_the1,between,the,between_the,28
bit_of,bit,of,bit_of,620
board_of,board,of,board_of,23
both_the,both,the,both_the,16
bout_to,bout,to,bout_to,256
but_i,but,i,but_i,2570
but_i1,but,i,but_i,1943
but_the,but,the,but_the,1204
but_it,but,it,but_it,1141
but_not,but,not,but_not,451
but_they,but,they,but_they,440
but_it1,but,it,but_it,438
but_i'm1,but,i'm,but_i'm,413
but_the1,but,the,but_the,403
but_it's,but,it's,but_it's,385
but_this,but,this,but_this,366
but_we,but,we,but_we,361
but_you1,but,you,but_you,337
but_in,but,in,but_in,331
but_you,but,you,but_you,330
but_he,but,he,but_he,330
but_i'm,but,i'm,but_i'm,328
but_if,but,if,but_if,322
but_then,but,then,but_then,317
but_that,but,that,but_that,313
but_there,but,there,but_there,306
but_it's1,but,it's,but_it's,279
but_not1,but,not,but_not,274
but_when,but,when,but_when,268
but_we1,but,we,but_we,229
but_they1,but,they,but_they,214
but_if1,but,if,but_if,201
but_the2,but,the,but_the,108
but_it2,but,it,but_it,50
but_i2,but,i,but_i,44
but_he1,but,he,but_he,38
but_not2,but,not,but_not,29
but_it's2,but,it's,but_it's,23
but_we2,but,we,but_we,23
but_they2,but,they,but_they,23
but_a,but,a,but_a,20
but_when1,but,when,but_when,16
by_the,by,the,by_the,2482
by_the1,by,the,by_the,757
by_a,by,a,by_a,679
by_a1,by,a,by_a,264
by_the2,by,the,by_the,216
by_a2,by,a,by_a,73
by_his,by,his,by_his,15
call_me,call,me,call_me,307
calls_for,calls,for,calls_for,15
came_to,came,to,came_to,317
came_to1,came,to,came_to,19
can_be,can,be,can_be,1334
can_you,can,you,can_you,606
can_be1,can,be,can_be,537
can_i,can,i,can_i,528
can_do1,can,do,can_do,394
can_see,can,see,can_see,391
can_get1,can,get,can_get,354
can_do,can,do,can_do,353
can_get,can,get,can_get,276
can_we,can,we,can_we,257
can_make,can,make,can_make,217
can_be2,can,be,can_be,61
cant_wait,cant,wait,cant_wait,271
can't_wait,can't,wait,can't_wait,1472
can't_believe,can't,believe,can't_believe,276
center_in,center,in,center_in,17
chance_to,chance,to,chance_to,308
chance_to1,chance,to,chance_to,239
chance_to2,chance,to,chance_to,26
charged_with,charged,with,charged_with,25
check_out1,check,out,check_out,857
check_it,check,it,check_it,291
check_out,check,out,check_out,275
chief_executive,chief,executive,chief_executive,17
city_and,city,and,city_and,16
close_to,close,to,close_to,304
close_to1,close,to,close_to,21
come_to1,come,to,come_to,501
come_to,come,to,come_to,426
come_on,come,on,come_on,407
come_out,come,out,come_out,268
come_back,come,back,come_back,255
come_to2,come,to,come_to,18
comes_to,comes,to,comes_to,296
comes_to1,comes,to,comes_to,20
coming_to,coming,to,coming_to,317
coming_up,coming,up,coming_up,213
congrats_to,congrats,to,congrats_to,341
congrats_on,congrats,on,congrats_on,254
continue_to,continue,to,continue_to,328
continue_to1,continue,to,continue_to,32
could_be,could,be,could_be,560
could_be1,could,be,could_be,403
could_have,could,have,could_have,373
could_be2,could,be,could_be,73
could_have1,could,have,could_have,21
couple_of,couple,of,couple_of,691
couple_of1,couple,of,couple_of,24
cuyahoga_county,cuyahoga,county,cuyahoga_county,16
day_to,day,to,day_to,412
day_and,day,and,day_and,351
day_i,day,i,day_i,343
day_of,day,of,day_of,333
day_in,day,in,day_in,272
day_i1,day,i,day_i,235
day_and1,day,and,day_and,201
day_and2,day,and,day_and,16
deal_with,deal,with,deal_with,16
decided_to,decided,to,decided_to,740
decided_to1,decided,to,decided_to,20
decision_to,decision,to,decision_to,17
department_of,department,of,department_of,36
designed_to,designed,to,designed_to,17
did_you,did,you,did_you,1083
did_not,did,not,did_not,668
did_i1,did,i,did_i,289
did_i,did,i,did_i,274
did_not1,did,not,did_not,58
director_of,director,of,director_of,48
do_you1,do,you,do_you,1958
do_you,do,you,do_you,936
do_not,do,not,do_not,863
do_it1,do,it,do_it,836
do_it,do,it,do_it,548
do_i1,do,i,do_i,521
do_not1,do,not,do_not,426
do_with,do,with,do_with,374
do_i,do,i,do_i,336
do_the,do,the,do_the,311
do_the1,do,the,do_the,309
do_this,do,this,do_this,299
do_that,do,that,do_that,291
do_a,do,a,do_a,266
do_a1,do,a,do_a,251
do_u,do,u,do_u,228
do_this1,do,this,do_this,224
do_you2,do,you,do_you,33
do_not2,do,not,do_not,24
do_it2,do,it,do_it,20
do_the2,do,the,do_the,17
do_with1,do,with,do_with,16
does_not,does,not,does_not,588
does_not1,does,not,does_not,218
does_not2,does,not,does_not,29
donâ_t,donâ,t,donâ_t,34
don't_know1,don't,know,don't_know,784
don't_know,don't,know,don't_know,778
don't_have,don't,have,don't_have,590
don't_have1,don't,have,don't_have,503
don't_want,don't,want,don't_want,386
don't_want1,don't,want,don't_want,348
don't_think1,don't,think,don't_think,344
don't_think,don't,think,don't_think,324
don't_get,don't,get,don't_get,287
don't_forget,don't,forget,don't_forget,280
don't_like,don't,like,don't_like,257
don't_want2,don't,want,don't_want,20
don't_think2,don't,think,don't_think,19
don't_have2,don't,have,don't_have,18
don't_know2,don't,know,don't_know,16
down_the,down,the,down_the,497
down_to,down,to,down_to,367
down_and,down,and,down_and,291
down_to1,down,to,down_to,231
down_the1,down,the,down_the,206
down_the2,down,the,down_the,35
down_to2,down,to,down_to,26
due_to,due,to,due_to,442
during_the,during,the,during_the,632
during_the1,during,the,during_the,217
during_the2,during,the,during_the,70
during_a,during,a,during_a,22
each_other,each,other,each_other,519
each_other1,each,other,each_other,244
each_other2,each,other,each_other,17
earlier_this,earlier,this,earlier_this,21
easy_to,easy,to,easy_to,354
easy_to1,easy,to,easy_to,16
end_of,end,of,end_of,785
end_of1,end,of,end_of,404
end_of2,end,of,end_of,47
ended_up,ended,up,ended_up,281
enough_to,enough,to,enough_to,548
enough_to1,enough,to,enough_to,255
enough_to2,enough,to,enough_to,50
even_though,even,though,even_though,450
even_if,even,if,even_if,434
even_more,even,more,even_more,271
even_more1,even,more,even_more,20
even_though1,even,though,even_though,19
even_if1,even,if,even_if,16
every_day,every,day,every_day,316
every_time,every,time,every_time,275
every_day1,every,day,every_day,219
every_day2,every,day,every_day,25
excited_to,excited,to,excited_to,540
excited_for,excited,for,excited_for,340
executive_director,executive,director,executive_director,18
expected_to,expected,to,expected_to,50
fact_that,fact,that,fact_that,633
fact_that1,fact,that,fact_that,21
failed_to,failed,to,failed_to,20
feel_like1,feel,like,feel_like,691
feel_like,feel,like,feel_like,449
few_days,few,days,few_days,276
find_a,find,a,find_a,310
find_out,find,out,find_out,266
find_a1,find,a,find_a,220
find_a2,find,a,find_a,18
first_time,first,time,first_time,429
first_time1,first,time,first_time,383
first_time2,first,time,first_time,29
five_years,five,years,five_years,26
follow_me,follow,me,follow_me,1229
follow_back,follow,back,follow_back,420
following_me,following,me,following_me,269
for_the1,for,the,for_the,7501
for_the,for,the,for_the,5755
for_a,for,a,for_a,3470
for_a1,for,a,for_a,3011
for_me,for,me,for_me,1367
for_you1,for,you,for_you,1172
for_me1,for,me,for_me,1052
for_my1,for,my,for_my,862
for_my,for,my,for_my,833
for_your1,for,your,for_your,780
for_this,for,this,for_this,695
for_you,for,you,for_you,622
for_the2,for,the,for_the,556
for_all1,for,all,for_all,541
for_following,for,following,for_following,505
for_all,for,all,for_all,501
for_her,for,her,for_her,480
for_this1,for,this,for_this,472
for_some1,for,some,for_some,437
for_your,for,your,for_your,411
for_our1,for,our,for_our,404
for_that1,for,that,for_that,400
for_some,for,some,for_some,397
for_his,for,his,for_his,393
for_their,for,their,for_their,387
for_us,for,us,for_us,385
for_it,for,it,for_it,381
for_those,for,those,for_those,377
for_our,for,our,for_our,369
for_that,for,that,for_that,358
for_an,for,an,for_an,358
for_an1,for,an,for_an,353
for_them,for,them,for_them,335
for_example,for,example,for_example,326
for_it1,for,it,for_it,325
for_being,for,being,for_being,287
for_sure,for,sure,for_sure,257
for_sharing,for,sharing,for_sharing,236
for_more,for,more,for_more,230
for_a2,for,a,for_a,226
for_us1,for,us,for_us,209
for_his1,for,his,for_his,53
for_an2,for,an,for_an,29
for_more1,for,more,for_more,28
for_me2,for,me,for_me,28
for_their1,for,their,for_their,27
for_example1,for,example,for_example,25
for_years,for,years,for_years,24
for_its,for,its,for_its,24
for_her1,for,her,for_her,23
for_him,for,him,for_him,23
for_this2,for,this,for_this,22
for_us2,for,us,for_us,21
for_them1,for,them,for_them,21
for_all2,for,all,for_all,20
for_those1,for,those,for_those,16
forward_to1,forward,to,forward_to,1188
forward_to,forward,to,forward_to,350
found_that,found,that,found_that,16
four_years,four,years,four_years,25
friends_and,friends,and,friends_and,278
from_the,from,the,from_the,3776
from_the1,from,the,from_the,1191
from_a,from,a,from_a,855
from_my,from,my,from_my,508
from_a1,from,a,from_a,325
from_the2,from,the,from_the,309
from_my1,from,my,from_my,271
from_a2,from,a,from_a,81
from_his,from,his,from_his,31
front_of,front,of,front_of,356
front_of1,front,of,front_of,212
front_of2,front,of,front_of,33
full_of,full,of,full_of,399
full_of1,full,of,full_of,256
games_and,games,and,games_and,19
general_manager,general,manager,general_manager,16
get_a1,get,a,get_a,979
get_to1,get,to,get_to,702
get_a,get,a,get_a,619
get_it,get,it,get_it,619
get_to,get,to,get_to,559
get_the,get,the,get_the,520
get_the1,get,the,get_the,490
get_your,get,your,get_your,334
get_my,get,my,get_my,308
get_some,get,some,get_some,287
get_out,get,out,get_out,261
get_in,get,in,get_in,244
get_on,get,on,get_on,229
get_back,get,back,get_back,221
get_me,get,me,get_me,199
get_a2,get,a,get_a,38
get_the2,get,the,get_the,26
get_to2,get,to,get_to,16
getting_ready,getting,ready,getting_ready,288
give_me,give,me,give_me,300
glad_you,glad,you,glad_you,381
glad_to,glad,to,glad_to,352
go_to1,go,to,go_to,1394
go_to,go,to,go_to,608
go_back,go,back,go_back,249
go_on,go,on,go_on,207
go_to2,go,to,go_to,35
going_to1,going,to,going_to,3429
going_to,going,to,going_to,2519
going_on1,going,on,going_on,385
going_on,going,on,going_on,382
going_to2,going,to,going_to,175
gonna_be,gonna,be,gonna_be,574
good_morning,good,morning,good_morning,803
good_luck,good,luck,good_luck,666
good_to,good,to,good_to,403
good_day,good,day,good_day,248
good_for,good,for,good_for,231
good_night,good,night,good_night,212
got_a1,got,a,got_a,815
got_to1,got,to,got_to,408
got_to,got,to,got_to,380
got_a,got,a,got_a,350
got_my,got,my,got_my,335
got_the,got,the,got_the,309
got_it,got,it,got_it,268
got_a2,got,a,got_a,27
got_to2,got,to,got_to,25
great_day,great,day,great_day,408
great_to,great,to,great_to,324
great_time,great,time,great_time,259
great_weekend,great,weekend,great_weekend,202
group_of,group,of,group_of,18
had_a,had,a,had_a,1518
had_a1,had,a,had_a,1339
had_to,had,to,had_to,1185
had_been,had,been,had_been,729
had_to1,had,to,had_to,485
had_the,had,the,had_the,428
had_the1,had,the,had_the,216
had_a2,had,a,had_a,94
had_been1,had,been,had_been,69
had_to2,had,to,had_to,40
had_no,had,no,had_no,20
had_the2,had,the,had_the,18
haha_i,haha,i,haha_i,279
half_of,half,of,half_of,20
hall_of,hall,of,hall_of,21
happy_birthday,happy,birthday,happy_birthday,883
happy_to,happy,to,happy_to,289
hard_to,hard,to,hard_to,455
hard_to1,hard,to,hard_to,357
hard_to2,hard,to,hard_to,22
has_been,has,been,has_been,1752
has_a,has,a,has_a,854
has_a1,has,a,has_a,604
has_been1,has,been,has_been,594
has_to,has,to,has_to,382
has_the,has,the,has_the,262
has_to1,has,to,has_to,233
has_been2,has,been,has_been,155
has_a2,has,a,has_a,55
has_to2,has,to,has_to,27
has_become,has,become,has_become,20
has_made,has,made,has_made,20
has_not,has,not,has_not,19
has_the1,has,the,has_the,19
have_a1,have,a,have_a,3319
have_a,have,a,have_a,2525
have_to,have,to,have_to,2385
have_been,have,been,have_been,2293
have_to1,have,to,have_to,2195
have_the,have,the,have_the,798
have_been1,have,been,have_been,750
have_you1,have,you,have_you,725
have_the1,have,the,have_the,640
have_no,have,no,have_no,380
have_no1,have,no,have_no,360
have_an,have,an,have_an,339
have_fun,have,fun,have_fun,323
have_had,have,had,have_had,301
have_an1,have,an,have_an,301
have_you,have,you,have_you,273
have_some,have,some,have_some,261
have_any,have,any,have_any,231
have_some1,have,some,have_some,216
have_been2,have,been,have_been,152
have_to2,have,to,have_to,121
have_a2,have,a,have_a,93
have_the2,have,the,have_the,41
having_a1,having,a,having_a,514
having_a,having,a,having_a,400
having_a2,having,a,having_a,25
he_was,he,was,he_was,1647
he_is,he,is,he_is,1014
he_has,he,has,he_has,627
he_had,he,had,he_had,576
he_is1,he,is,he_is,550
he_said,he,said,he_said,515
he_was1,he,was,he_was,431
he_would,he,would,he_would,306
he_said1,he,said,he_said,270
he_has1,he,has,he_has,223
he_was2,he,was,he_was,207
he_has2,he,has,he_has,84
he_had1,he,had,he_had,75
he_is2,he,is,he_is,58
he_would1,he,would,he_would,44
he_says,he,says,he_says,43
he_also,he,also,he_also,26
he_will,he,will,he_will,24
he_could,he,could,he_could,24
he_did,he,did,he_did,20
he_got,he,got,he_got,16
he_and,he,and,he_and,16
he_can,he,can,he_can,16
heâ_s,heâ,s,heâ_s,24
health_care,health,care,health_care,26
help_me,help,me,help_me,221
her_to,her,to,her_to,315
her_husband,her,husband,her_husband,16
her_to1,her,to,her_to,15
here_is,here,is,here_is,490
here_are,here,are,here_are,339
here_and,here,and,here_and,327
here_in1,here,in,here_in,318
here_in,here,in,here_in,283
high_school,high,school,high_school,270
high_school1,high,school,high_school,239
high_school2,high,school,high_school,74
him_to,him,to,him_to,399
him_and,him,and,him_and,354
him_to1,him,to,him_to,39
him_and1,him,and,him_and,19
his_own,his,own,his_own,327
his_wife,his,wife,his_wife,36
his_first,his,first,his_first,32
his_own1,his,own,his_own,32
his_father,his,father,his_father,20
hit_the,hit,the,hit_the,17
home_to,home,to,home_to,18
home_in,home,in,home_in,17
hope_you1,hope,you,hope_you,886
hope_to,hope,to,hope_to,319
hope_you,hope,you,hope_you,306
hopes_to,hopes,to,hopes_to,15
how_to,how,to,how_to,859
how_to1,how,to,how_to,708
how_much,how,much,how_much,438
how_much1,how,much,how_much,412
how_do,how,do,how_do,399
how_are,how,are,how_are,371
how_many1,how,many,how_many,369
how_you,how,you,how_you,343
how_i,how,i,how_i,341
how_the,how,the,how_the,317
how_many,how,many,how_many,301
how_i1,how,i,how_i,298
how_about,how,about,how_about,268
how_is,how,is,how_is,210
how_to2,how,to,how_to,40
how_much2,how,much,how_much,22
how_the1,how,the,how_the,21
hundreds_of,hundreds,of,hundreds_of,18
i_was,i,was,i_was,4939
i_have,i,have,i_have,4751
i_am,i,am,i_am,4175
i_love1,i,love,i_love,3662
i_have1,i,have,i_have,3103
i_am1,i,am,i_am,2957
i_had,i,had,i_had,2617
i_was1,i,was,i_was,2563
i_don't1,i,don't,i_don't,2493
i_think1,i,think,i_think,2464
i_just1,i,just,i_just,2318
i_don't,i,don't,i_don't,2301
i_think,i,think,i_think,2206
i_can1,i,can,i_can,1998
i_know1,i,know,i_know,1988
i_can,i,can,i_can,1650
i_will1,i,will,i_will,1635
i_know,i,know,i_know,1544
i_want1,i,want,i_want,1544
i_need1,i,need,i_need,1508
i_will,i,will,i_will,1485
i_would,i,would,i_would,1485
i_can't1,i,can't,i_can't,1469
i_love,i,love,i_love,1240
i_could,i,could,i_could,1181
i_got1,i,got,i_got,1174
i_would1,i,would,i_would,1165
i_hope1,i,hope,i_hope,1146
i_get1,i,get,i_get,1064
i_hate,i,hate,i_hate,1047
i_had1,i,had,i_had,1035
i_didn't,i,didn't,i_didn't,1034
i_just,i,just,i_just,996
i_like1,i,like,i_like,985
i_do,i,do,i_do,978
i_did,i,did,i_did,964
i_feel1,i,feel,i_feel,953
i_thought,i,thought,i_thought,941
i_can't,i,can't,i_can't,912
i_could1,i,could,i_could,886
i_do1,i,do,i_do,873
i_want,i,want,i_want,863
i_wish,i,wish,i_wish,847
i_got,i,got,i_got,834
i_really1,i,really,i_really,799
i_miss,i,miss,i_miss,770
i_hope,i,hope,i_hope,692
i_guess1,i,guess,i_guess,687
i_feel,i,feel,i_feel,678
i_really,i,really,i_really,672
i_thought1,i,thought,i_thought,630
i_used,i,used,i_used,625
i_wanted,i,wanted,i_wanted,605
i_also,i,also,i_also,604
i_didn't1,i,didn't,i_didn't,601
i_see1,i,see,i_see,590
i_found,i,found,i_found,586
i_went,i,went,i_went,542
i_wanna,i,wanna,i_wanna,542
i_like,i,like,i_like,537
i_did1,i,did,i_did,535
i_need,i,need,i_need,520
i_made,i,made,i_made,519
i_still1,i,still,i_still,491
i_dont,i,dont,i_dont,480
i_decided,i,decided,i_decided,469
i_felt,i,felt,i_felt,461
i_guess,i,guess,i_guess,461
i_get,i,get,i_get,455
i_knew,i,knew,i_knew,453
i_should1,i,should,i_should,446
i_saw,i,saw,i_saw,439
i_still,i,still,i_still,429
i_saw1,i,saw,i_saw,415
i_started,i,started,i_started,411
i_said,i,said,i_said,409
i_never1,i,never,i_never,401
i_should,i,should,i_should,393
i_mean,i,mean,i_mean,386
i_couldn't,i,couldn't,i_couldn't,384
i_haven't,i,haven't,i_haven't,361
i_haven't1,i,haven't,i_haven't,357
i_never,i,never,i_never,350
i_took,i,took,i_took,342
i_mean1,i,mean,i_mean,334
i_wonder,i,wonder,i_wonder,331
i_find,i,find,i_find,326
i_always1,i,always,i_always,322
i_wasn't,i,wasn't,i_wasn't,314
i_cant,i,cant,i_cant,314
i_believe,i,believe,i_believe,310
i_always,i,always,i_always,308
i_might1,i,might,i_might,290
i_say1,i,say,i_say,287
i_go,i,go,i_go,282
i_remember,i,remember,i_remember,280
i_see,i,see,i_see,280
i_read,i,read,i_read,278
i_say,i,say,i_say,278
i_told,i,told,i_told,272
i_said1,i,said,i_said,268
i_agree,i,agree,i_agree,264
i_look,i,look,i_look,263
i_might,i,might,i_might,262
i_hear,i,hear,i_hear,259
i_bet,i,bet,i_bet,245
i_went1,i,went,i_went,245
i_swear,i,swear,i_swear,238
i_may,i,may,i_may,227
i_heard,i,heard,i_heard,225
i_gotta,i,gotta,i_gotta,219
i_missed,i,missed,i_missed,212
i_live,i,live,i_live,210
i_won't,i,won't,i_won't,203
i_knew1,i,knew,i_knew,199
i_think2,i,think,i_think,76
i_was2,i,was,i_was,71
i_don't2,i,don't,i_don't,64
i_have2,i,have,i_have,50
i_am2,i,am,i_am,43
i_would2,i,would,i_would,32
i_had2,i,had,i_had,32
i_know2,i,know,i_know,29
i_thought2,i,thought,i_thought,27
i_can2,i,can,i_can,26
i_want2,i,want,i_want,25
i_just2,i,just,i_just,21
i_didn't2,i,didn't,i_didn't,20
i_love2,i,love,i_love,17
i_could2,i,could,i_could,16
iâ_m,iâ,m,iâ_m,32
idea_of,idea,of,idea_of,271
if_you1,if,you,if_you,3293
if_you,if,you,if_you,2951
if_i1,if,i,if_i,1325
if_i,if,i,if_i,1137
if_the,if,the,if_the,618
if_they,if,they,if_they,541
if_u,if,u,if_u,504
if_it,if,it,if_it,483
if_you're1,if,you're,if_you're,472
if_we,if,we,if_we,449
if_you're,if,you're,if_you're,407
if_they1,if,they,if_they,316
if_he,if,he,if_he,307
if_it1,if,it,if_it,299
if_the1,if,the,if_the,285
if_we1,if,we,if_we,282
if_your,if,your,if_your,234
if_you2,if,you,if_you,79
if_the2,if,the,if_the,58
if_we2,if,we,if_we,31
if_they2,if,they,if_they,28
if_he1,if,he,if_he,18
if_it2,if,it,if_it,17
if_i2,if,i,if_i,15
i'll_be1,i'll,be,i'll_be,615
i'll_be,i'll,be,i'll_be,317
im_not,im,not,im_not,219
i'm_not1,i'm,not,i'm_not,994
i'm_not,i'm,not,i'm_not,945
i'm_going1,i'm,going,i'm_going,605
i'm_so,i'm,so,i'm_so,577
i'm_a1,i'm,a,i'm_a,482
i'm_in,i'm,in,i'm_in,384
i'm_going,i'm,going,i'm_going,376
i'm_just,i'm,just,i'm_just,359
i'm_sure,i'm,sure,i'm_sure,319
i'm_gonna,i'm,gonna,i'm_gonna,319
i'm_a,i'm,a,i'm_a,273
i'm_sure1,i'm,sure,i'm_sure,272
i'm_still,i'm,still,i'm_still,216
i'm_on,i'm,on,i'm_on,209
i'm_not2,i'm,not,i'm_not,17
in_the,in,the,in_the,15272
in_the1,in,the,in_the,7770
in_a,in,a,in_a,4569
in_a1,in,a,in_a,2327
in_my,in,my,in_my,2182
in_my1,in,my,in_my,1748
in_this,in,this,in_this,1395
in_the2,in,the,in_the,1329
in_his,in,his,in_his,857
in_your1,in,your,in_your,810
in_our,in,our,in_our,769
in_their,in,their,in_their,700
in_your,in,your,in_your,653
in_fact,in,fact,in_fact,612
in_her,in,her,in_her,526
in_an,in,an,in_an,525
in_this1,in,this,in_this,519
in_order,in,order,in_order,489
in_that,in,that,in_that,471
in_a2,in,a,in_a,460
in_which,in,which,in_which,431
in_and,in,and,in_and,386
in_one,in,one,in_one,378
in_all,in,all,in_all,373
in_our1,in,our,in_our,346
in_front,in,front,in_front,330
in_some,in,some,in_some,327
in_love,in,love,in_love,311
in_love1,in,love,in_love,307
in_it,in,it,in_it,277
in_any,in,any,in_any,269
in_that1,in,that,in_that,243
in_and1,in,and,in_and,225
in_it1,in,it,in_it,218
in_front1,in,front,in_front,207
in_nyc,in,nyc,in_nyc,199
in_his1,in,his,in_his,97
in_an1,in,an,in_an,67
in_this2,in,this,in_this,54
in_their1,in,their,in_their,53
in_new,in,new,in_new,36
in_which1,in,which,in_which,34
in_front2,in,front,in_front,30
in_her1,in,her,in_her,29
in_its,in,its,in_its,29
in_2010,in,2010,in_2010,28
in_2009,in,2009,in_2009,27
in_addition,in,addition,in_addition,25
in_january,in,january,in_january,24
in_that2,in,that,in_that,23
in_2008,in,2008,in_2008,23
in_other,in,other,in_other,23
in_and2,in,and,in_and,23
in_february,in,february,in_february,23
in_one1,in,one,in_one,22
in_2011,in,2011,in_2011,21
in_our2,in,our,in_our,21
in_fact1,in,fact,in_fact,20
in_two,in,two,in_two,20
in_some1,in,some,in_some,20
in_april,in,april,in_april,20
in_game,in,game,in_game,20
in_december,in,december,in_december,20
in_recent,in,recent,in_recent,19
in_my2,in,my,in_my,19
in_all1,in,all,in_all,18
in_march,in,march,in_march,17
in_san,in,san,in_san,15
in_st,in,st,in_st,15
in_washington,in,washington,in_washington,15
including_the,including,the,including_the,23
including_a,including,a,including_a,15
increase_in,increase,in,increase_in,16
instead_of,instead,of,instead_of,538
instead_of1,instead,of,instead_of,337
instead_of2,instead,of,instead_of,33
interested_in,interested,in,interested_in,290
interested_in1,interested,in,interested_in,252
into_the,into,the,into_the,1824
into_a,into,a,into_a,935
into_the1,into,the,into_the,457
into_a1,into,a,into_a,280
into_the2,into,the,into_the,111
into_a2,into,a,into_a,54
involved_in,involved,in,involved_in,15
is_a,is,a,is_a,4612
is_the,is,the,is_the,3049
is_a1,is,a,is_a,2649
is_the1,is,the,is_the,2390
is_not,is,not,is_not,1701
is_that,is,that,is_that,1341
is_not1,is,not,is_not,899
is_it1,is,it,is_it,880
is_to,is,to,is_to,841
is_so1,is,so,is_so,731
is_an,is,an,is_an,729
is_that1,is,that,is_that,695
is_going1,is,going,is_going,688
is_my1,is,my,is_my,607
is_in,is,in,is_in,579
is_one,is,one,is_one,556
is_no,is,no,is_no,508
is_just,is,just,is_just,481
is_also,is,also,is_also,470
is_it,is,it,is_it,450
is_my,is,my,is_my,449
is_on,is,on,is_on,448
is_in1,is,in,is_in,445
is_so,is,so,is_so,442
is_going,is,going,is_going,429
is_what,is,what,is_what,427
is_to1,is,to,is_to,411
is_your,is,your,is_your,390
is_still,is,still,is_still,383
is_this1,is,this,is_this,359
is_very,is,very,is_very,356
is_an1,is,an,is_an,351
is_just1,is,just,is_just,338
is_like,is,like,is_like,334
is_there,is,there,is_there,319
is_one1,is,one,is_one,302
is_now,is,now,is_now,295
is_more,is,more,is_more,288
is_no1,is,no,is_no,284
is_this,is,this,is_this,283
is_now1,is,now,is_now,270
is_good,is,good,is_good,267
is_all,is,all,is_all,265
is_what1,is,what,is_what,256
is_still1,is,still,is_still,254
is_all1,is,all,is_all,232
is_always,is,always,is_always,224
is_gonna,is,gonna,is_gonna,224
is_a2,is,a,is_a,192
is_the2,is,the,is_the,147
is_not2,is,not,is_not,84
is_to2,is,to,is_to,49
is_an2,is,an,is_an,42
is_also1,is,also,is_also,39
is_that2,is,that,is_that,38
is_going2,is,going,is_going,37
is_in2,is,in,is_in,35
is_expected,is,expected,is_expected,28
is_still2,is,still,is_still,26
is_no2,is,no,is_no,21
is_just2,is,just,is_just,20
is_one2,is,one,is_one,19
is_now2,is,now,is_now,19
is_more1,is,more,is_more,17
is_on1,is,on,is_on,17
is_at,is,at,is_at,16
is_being,is,being,is_being,15
it_is,it,is,it_is,4866
it_was,it,was,it_was,4852
it_was1,it,was,it_was,2079
it_is1,it,is,it_is,1658
it_to,it,to,it_to,851
it_and,it,and,it_and,848
it_would,it,would,it_would,813
it_will,it,will,it_will,735
it_has,it,has,it_has,709
it_to1,it,to,it_to,673
it_in,it,in,it_in,599
it_i,it,i,it_i,594
it_out1,it,out,it_out,592
it_all,it,all,it_all,568
it_will1,it,will,it_will,490
it_in1,it,in,it_in,474
it_would1,it,would,it_would,443
it_up1,it,up,it_up,438
it_seems,it,seems,it_seems,429
it_a,it,a,it_a,429
it_the,it,the,it_the,368
it_out,it,out,it_out,361
it_for,it,for,it_for,352
it_up,it,up,it_up,349
it_with,it,with,it_with,348
it_on1,it,on,it_on,348
it_as,it,as,it_as,344
it_and1,it,and,it_and,342
it_on,it,on,it_on,334
it_can,it,can,it_can,334
it_i1,it,i,it_i,334
it_all1,it,all,it_all,329
it_but,it,but,it_but,328
it_wasn't,it,wasn't,it_wasn't,324
it_doesn't,it,doesn't,it_doesn't,315
it_comes,it,comes,it_comes,295
it_a1,it,a,it_a,293
it_just,it,just,it_just,291
it_for1,it,for,it_for,289
it_may,it,may,it_may,280
it_had,it,had,it_had,273
it_so,it,so,it_so,258
it_just1,it,just,it_just,242
it_but1,it,but,it_but,231
it_when,it,when,it_when,227
it_so1,it,so,it_so,212
it_was2,it,was,it_was,207
it_has1,it,has,it_has,203
it_is2,it,is,it_is,127
it_would2,it,would,it_would,65
it_will2,it,will,it_will,45
it_has2,it,has,it_has,40
it_to2,it,to,it_to,26
it_and2,it,and,it_and,25
it_comes1,it,comes,it_comes,24
it_also,it,also,it_also,23
it_may1,it,may,it_may,20
it_all2,it,all,it_all,19
it_wasn't1,it,wasn't,it_wasn't,18
it_in2,it,in,it_in,18
it_could,it,could,it_could,17
it_a2,it,a,it_a,16
itâ_s,itâ,s,itâ_s,66
its_a,its,a,its_a,248
its_own,its,own,its_own,21
it's_a,it's,a,it's_a,927
it's_a1,it's,a,it's_a,841
it's_not,it's,not,it's_not,675
it's_not1,it's,not,it's_not,551
it's_the,it's,the,it's_the,323
it's_the1,it's,the,it's_the,292
it's_been1,it's,been,it's_been,274
it's_been,it's,been,it's_been,266
it's_just,it's,just,it's_just,257
it's_a2,it's,a,it's_a,67
it's_not2,it's,not,it's_not,43
it's_the2,it's,the,it's_the,20
i've_been,i've,been,i've_been,642
i've_been1,i've,been,i've_been,511
i've_been2,i've,been,i've_been,16
join_us,join,us,join_us,326
just_got,just,got,just_got,755
just_a,just,a,just_a,681
just_a1,just,a,just_a,473
just_as,just,as,just_as,407
just_saw,just,saw,just_saw,348
just_the,just,the,just_the,296
just_like,just,like,just_like,280
just_like1,just,like,just_like,248
just_want,just,want,just_want,243
just_finished,just,finished,just_finished,240
just_had,just,had,just_had,227
just_to,just,to,just_to,213
just_a2,just,a,just_a,36
just_as1,just,as,just_as,20
keep_it,keep,it,keep_it,213
keep_the,keep,the,keep_the,16
kind_of,kind,of,kind_of,1031
kind_of1,kind,of,kind_of,614
kind_of2,kind,of,kind_of,66
know_what1,know,what,know_what,794
know_that,know,that,know_that,733
know_what,know,what,know_what,616
know_how1,know,how,know_how,465
know_that1,know,that,know_that,425
know_i1,know,i,know_i,390
know_if,know,if,know_if,370
know_how,know,how,know_how,366
know_you,know,you,know_you,338
know_i,know,i,know_i,328
know_the,know,the,know_the,298
know_the1,know,the,know_the,266
know_it,know,it,know_it,227
know_that2,know,that,know_that,29
know_what2,know,what,know_what,20
known_as,known,as,known_as,25
lack_of,lack,of,lack_of,308
last_night1,last,night,last_night,1240
last_year,last,year,last_year,410
last_week,last,week,last_week,363
last_night,last,night,last_night,340
last_week1,last,week,last_week,231
last_year1,last,year,last_year,217
last_year2,last,year,last_year,96
last_week2,last,week,last_week,52
last_month,last,month,last_month,38
last_season,last,season,last_season,25
law_enforcement,law,enforcement,law_enforcement,23
led_the,led,the,led_the,20
led_to,led,to,led_to,16
less_than,less,than,less_than,274
less_than1,less,than,less_than,31
let_me1,let,me,let_me,859
let_me,let,me,let_me,442
let_us,let,us,let_us,295
let's_go,let's,go,let's_go,324
life_is,life,is,life_is,415
life_and,life,and,life_and,343
like_a1,like,a,like_a,1546
like_a,like,a,like_a,1182
like_to,like,to,like_to,856
like_the,like,the,like_the,836
like_the1,like,the,like_the,723
like_to1,like,to,like_to,694
like_that1,like,that,like_that,483
like_it1,like,it,like_it,474
like_this,like,this,like_this,436
like_that,like,that,like_that,386
like_i1,like,i,like_i,363
like_you,like,you,like_you,362
like_it,like,it,like_it,350
like_i,like,i,like_i,350
like_this1,like,this,like_this,260
like_a2,like,a,like_a,39
like_to2,like,to,like_to,36
like_the2,like,the,like_the,31
likely_to,likely,to,likely_to,25
list_of,list,of,list_of,266
listen_to,listen,to,listen_to,443
listening_to,listening,to,listening_to,602
little_more,little,more,little_more,16
live_in1,live,in,live_in,326
live_in,live,in,live_in,279
lol_i,lol,i,lol_i,464
long_time,long,time,long_time,267
long_time1,long,time,long_time,218
long_time2,long,time,long_time,16
look_at,look,at,look_at,707
look_at1,look,at,look_at,387
look_like,look,like,look_like,341
look_forward,look,forward,look_forward,268
look_at2,look,at,look_at,34
looking_forward,looking,forward,looking_forward,920
looking_for1,looking,for,looking_for,726
looking_for,looking,for,looking_for,409
looking_at,looking,at,looking_at,268
looking_at1,looking,at,looking_at,205
looking_for2,looking,for,looking_for,26
looks_like,looks,like,looks_like,665
los_angeles,los,angeles,los_angeles,52
lot_of,lot,of,lot_of,1260
lot_of1,lot,of,lot_of,636
lot_of2,lot,of,lot_of,90
lots_of,lots,of,lots_of,563
lots_of1,lots,of,lots_of,495
lots_of2,lots,of,lots_of,16
love_you,love,you,love_you,1542
love_to1,love,to,love_to,743
love_it,love,it,love_it,707
love_the1,love,the,love_the,663
love_to,love,to,love_to,356
love_that,love,that,love_that,336
love_the,love,the,love_the,330
love_your,love,your,love_your,278
love_my,love,my,love_my,273
love_u,love,u,love_u,234
love_this,love,this,love_this,234
made_a,made,a,made_a,347
made_it,made,it,made_it,275
made_me,made,me,made_me,268
made_me1,made,me,made_me,235
made_it1,made,it,made_it,229
made_a1,made,a,made_a,20
made_it2,made,it,made_it,16
make_it1,make,it,make_it,746
make_a,make,a,make_a,644
make_it,make,it,make_it,560
make_a1,make,a,make_a,513
make_the,make,the,make_the,420
make_me,make,me,make_me,398
make_sure,make,sure,make_sure,397
make_sure1,make,sure,make_sure,378
make_the1,make,the,make_the,288
make_you,make,you,make_you,255
make_the2,make,the,make_the,33
make_it2,make,it,make_it,27
make_a2,make,a,make_a,23
make_sure2,make,sure,make_sure,23
makes_me,makes,me,makes_me,473
man_i,man,i,man_i,222
man_who,man,who,man_who,20
managed_to,managed,to,managed_to,262
many_of,many,of,many_of,520
many_people,many,people,many_people,292
many_of1,many,of,many_of,21
may_be,may,be,may_be,568
may_have,may,have,may_have,357
may_not,may,not,may_not,325
may_be1,may,be,may_be,274
may_be2,may,be,may_be,48
may_have1,may,have,may_have,30
may_not1,may,not,may_not,28
me_to,me,to,me_to,1189
me_to1,me,to,me_to,763
me_and,me,and,me_and,751
me_and1,me,and,me_and,685
me_i1,me,i,me_i,629
me_i,me,i,me_i,618
me_a1,me,a,me_a,565
me_a,me,a,me_a,487
me_that,me,that,me_that,469
me_know,me,know,me_know,464
me_too,me,too,me_too,406
me_up,me,up,me_up,369
me_the,me,the,me_the,365
me_on,me,on,me_on,337
me_in1,me,in,me_in,331
me_in,me,in,me_in,326
me_the1,me,the,me_the,266
me_back,me,back,me_back,254
me_if,me,if,me_if,229
me_for,me,for,me_for,220
me_to2,me,to,me_to,20
meet_you,meet,you,meet_you,240
member_of,member,of,member_of,21
members_of,members,of,members_of,32
middle_of,middle,of,middle_of,16
might_be,might,be,might_be,471
might_be1,might,be,might_be,339
might_be2,might,be,might_be,21
million_in,million,in,million_in,40
million_to,million,to,million_to,17
miss_you,miss,you,miss_you,617
moment_when,moment,when,moment_when,248
more_than,more,than,more_than,1132
more_than1,more,than,more_than,593
more_of,more,of,more_of,322
more_than2,more,than,more_than,183
more_information,more,information,more_information,15
most_of,most,of,most_of,914
most_of1,most,of,most_of,217
most_of2,most,of,most_of,55
mothers_day,mothers,day,mothers_day,265
mother's_day,mother's,day,mother's_day,265
much_more,much,more,much_more,363
much_as,much,as,much_as,342
much_for,much,for,much_for,322
much_of,much,of,much_of,306
much_of1,much,of,much_of,29
much_as1,much,as,much_as,19
much_more1,much,more,much_more,18
must_be,must,be,must_be,436
must_be1,must,be,must_be,388
must_be2,must,be,must_be,19
my_life1,my,life,my_life,715
my_own,my,own,my_own,653
my_life,my,life,my_life,639
my_favorite1,my,favorite,my_favorite,536
my_new,my,new,my_new,508
my_mom1,my,mom,my_mom,490
my_favorite,my,favorite,my_favorite,437
my_first,my,first,my_first,428
my_phone,my,phone,my_phone,391
my_first1,my,first,my_first,360
my_friend,my,friend,my_friend,333
my_mind,my,mind,my_mind,330
my_friends,my,friends,my_friends,315
my_head1,my,head,my_head,314
my_head,my,head,my_head,303
my_heart,my,heart,my_heart,302
my_husband,my,husband,my_husband,294
my_heart1,my,heart,my_heart,288
my_mind1,my,mind,my_mind,287
my_way,my,way,my_way,277
my_hair,my,hair,my_hair,261
my_mom,my,mom,my_mom,258
my_day,my,day,my_day,255
my_own1,my,own,my_own,252
my_best,my,best,my_best,238
my_twitter,my,twitter,my_twitter,234
my_dad,my,dad,my_dad,231
my_house,my,house,my_house,214
my_birthday,my,birthday,my_birthday,208
near_the,near,the,near_the,23
need_to1,need,to,need_to,2065
need_to,need,to,need_to,1591
need_a,need,a,need_a,707
need_to2,need,to,need_to,71
needed_to,needed,to,needed_to,321
needed_to1,needed,to,needed_to,21
needs_to1,needs,to,needs_to,446
needs_to,needs,to,needs_to,302
needs_to2,needs,to,needs_to,16
new_york,new,york,new_york,456
new_york1,new,york,new_york,288
new_year,new,year,new_year,277
new_york2,new,york,new_york,83
new_jersey,new,jersey,new_jersey,60
next_week,next,week,next_week,449
next_time,next,time,next_time,296
next_to,next,to,next_to,264
next_year,next,year,next_year,248
next_to1,next,to,next_to,215
next_year1,next,year,next_year,26
next_to2,next,to,next_to,20
next_week1,next,week,next_week,16
nice_to,nice,to,nice_to,343
no_one,no,one,no_one,522
no_one1,no,one,no_one,504
no_longer,no,longer,no_longer,364
no_matter,no,matter,no_matter,290
no_problem,no,problem,no_problem,240
no_i,no,i,no_i,239
no_matter1,no,matter,no_matter,230
no_one2,no,one,no_one,34
no_longer1,no,longer,no_longer,23
not_to,not,to,not_to,835
not_a,not,a,not_a,752
not_a1,not,a,not_a,690
not_the,not,the,not_the,618
not_be,not,be,not_be,608
not_only,not,only,not_only,598
not_sure1,not,sure,not_sure,451
not_to1,not,to,not_to,416
not_the1,not,the,not_the,409
not_have,not,have,not_have,373
not_sure,not,sure,not_sure,366
not_just,not,just,not_just,300
not_be1,not,be,not_be,288
not_even,not,even,not_even,251
not_to2,not,to,not_to,46
not_be2,not,be,not_be,42
not_a2,not,a,not_a,35
not_only1,not,only,not_only,32
not_have1,not,have,not_have,29
not_the2,not,the,not_the,27
not_in,not,in,not_in,16
now_i1,now,i,now_i,540
now_i,now,i,now_i,537
now_that,now,that,now_that,279
now_and,now,and,now_and,269
now_that1,now,that,now_that,219
now_i'm,now,i'm,now_i'm,208
now_the,now,the,now_the,16
number_of,number,of,number_of,550
number_of1,number,of,number_of,55
o_to,o,to,o_to,215
of_the,of,the,of_the,18707
of_the1,of,the,of_the,5683
of_a,of,a,of_a,3390
of_my,of,my,of_my,2479
of_my1,of,my,of_my,1581
of_this,of,this,of_this,1438
of_the2,of,the,of_the,1426
of_course,of,course,of_course,1271
of_a1,of,a,of_a,1174
of_his,of,his,of_his,1132
of_our,of,our,of_our,977
of_them,of,them,of_them,935
of_their,of,their,of_their,907
of_it,of,it,of_it,873
of_your1,of,your,of_your,810
of_these,of,these,of_these,804
of_her,of,her,of_her,787
of_all,of,all,of_all,741
of_your,of,your,of_your,724
of_us,of,us,of_us,723
of_you1,of,you,of_you,689
of_you,of,you,of_you,685
of_those,of,those,of_those,663
of_that,of,that,of_that,583
of_course1,of,course,of_course,564
of_our1,of,our,of_our,552
of_what,of,what,of_what,529
of_an,of,an,of_an,510
of_people,of,people,of_people,401
of_it1,of,it,of_it,391
of_god,of,god,of_god,383
of_time,of,time,of_time,372
of_them1,of,them,of_them,354
of_this1,of,this,of_this,354
of_all1,of,all,of_all,338
of_being,of,being,of_being,336
of_those1,of,those,of_those,332
of_us1,of,us,of_us,328
of_its,of,its,of_its,321
of_life,of,life,of_life,320
of_me1,of,me,of_me,320
of_me,of,me,of_me,310
of_things,of,things,of_things,275
of_that1,of,that,of_that,261
of_people1,of,people,of_people,241
of_a2,of,a,of_a,238
of_his1,of,his,of_his,120
of_their1,of,their,of_their,57
of_its1,of,its,of_its,50
of_those2,of,those,of_those,44
of_this2,of,this,of_this,43
of_it2,of,it,of_it,38
of_our2,of,our,of_our,37
of_them2,of,them,of_them,34
of_course2,of,course,of_course,33
of_that2,of,that,of_that,31
of_her1,of,her,of_her,29
of_an1,of,an,of_an,28
of_people2,of,people,of_people,26
of_your2,of,your,of_your,25
of_all2,of,all,of_all,24
of_what1,of,what,of_what,21
of_us2,of,us,of_us,20
of_new,of,new,of_new,20
of_two,of,two,of_two,19
of_these1,of,these,of_these,18
of_which,of,which,of_which,17
of_being1,of,being,of_being,17
of_how,of,how,of_how,17
of_america,of,america,of_america,17
of_public,of,public,of_public,16
of_any,of,any,of_any,16
off_the,off,the,off_the,603
off_to,off,to,off_to,444
off_the1,off,the,off_the,386
off_the2,off,the,off_the,57
officials_said,officials,said,officials_said,19
oh_my,oh,my,oh_my,292
ohio_state,ohio,state,ohio_state,18
omg_i,omg,i,omg_i,220
on_the,on,the,on_the,7468
on_the1,on,the,on_the,4860
on_a,on,a,on_a,1917
on_my1,on,my,on_my,1705
on_a1,on,a,on_a,1301
on_my,on,my,on_my,1196
on_twitter,on,twitter,on_twitter,708
on_your1,on,your,on_your,663
on_this,on,this,on_this,632
on_the2,on,the,on_the,539
on_this1,on,this,on_this,487
on_his,on,his,on_his,432
on_their,on,their,on_their,419
on_your,on,your,on_your,405
on_to,on,to,on_to,390
on_her,on,her,on_her,357
on_it,on,it,on_it,354
on_it1,on,it,on_it,348
on_that1,on,that,on_that,338
on_our1,on,our,on_our,328
on_our,on,our,on_our,315
on_facebook,on,facebook,on_facebook,300
on_top,on,top,on_top,266
on_and,on,and,on_and,264
on_that,on,that,on_that,262
on_me,on,me,on_me,218
on_to1,on,to,on_to,218
on_his1,on,his,on_his,213
on_a2,on,a,on_a,135
on_his2,on,his,on_his,51
on_thursday,on,thursday,on_thursday,27
on_monday,on,monday,on_monday,25
on_their1,on,their,on_their,24
on_friday,on,friday,on_friday,21
on_sunday,on,sunday,on_sunday,20
on_wednesday,on,wednesday,on_wednesday,20
on_how,on,how,on_how,19
on_this2,on,this,on_this,19
on_saturday,on,saturday,on_saturday,19
on_tuesday,on,tuesday,on_tuesday,18
on_her1,on,her,on_her,17
on_april,on,april,on_april,17
on_its,on,its,on_its,17
on_an,on,an,on_an,16
on_that2,on,that,on_that,16
on_it2,on,it,on_it,16
one_of,one,of,one_of,3082
one_of1,one,of,one_of,1598
one_day,one,day,one_day,305
one_that,one,that,one_that,263
one_is,one,is,one_is,261
one_thing,one,thing,one_thing,261
one_day1,one,day,one_day,254
one_more,one,more,one_more,214
one_of2,one,of,one_of,181
only_one,only,one,only_one,278
only_a,only,a,only_a,261
opportunity_to,opportunity,to,opportunity_to,276
opportunity_to1,opportunity,to,opportunity_to,21
or_the,or,the,or_the,490
or_a,or,a,or_a,488
or_not,or,not,or_not,352
or_so,or,so,or_so,276
or_two,or,two,or_two,263
or_a1,or,a,or_a,207
or_the1,or,the,or_the,23
or_a2,or,a,or_a,23
order_to,order,to,order_to,417
our_new,our,new,our_new,224
out_of,out,of,out_of,2273
out_of1,out,of,out_of,1579
out_the,out,the,out_the,793
out_to1,out,to,out_to,650
out_the1,out,the,out_the,597
out_to,out,to,out_to,544
out_there1,out,there,out_there,535
out_and,out,and,out_and,511
out_there,out,there,out_there,432
out_for1,out,for,out_for,353
out_and1,out,and,out_and,322
out_in,out,in,out_in,319
out_with,out,with,out_with,289
out_for,out,for,out_for,282
out_a,out,a,out_a,275
out_on,out,on,out_on,269
out_in1,out,in,out_in,249
out_my,out,my,out_my,203
out_of2,out,of,out_of,149
out_the2,out,the,out_the,37
out_to2,out,to,out_to,28
out_there2,out,there,out_there,23
out_and2,out,and,out_and,19
out_a1,out,a,out_a,17
out_in2,out,in,out_in,17
over_the,over,the,over_the,1377
over_the1,over,the,over_the,416
over_and,over,and,over_and,292
over_a,over,a,over_a,284
over_to,over,to,over_to,264
over_the2,over,the,over_the,122
over_a1,over,a,over_a,15
pair_of,pair,of,pair_of,15
part_of,part,of,part_of,1279
part_of1,part,of,part_of,598
part_of2,part,of,part_of,106
parts_of,parts,of,parts_of,19
pay_for,pay,for,pay_for,21
people_who,people,who,people_who,595
people_who1,people,who,people_who,393
people_are1,people,are,people_are,303
people_are,people,are,people_are,289
people_in,people,in,people_in,262
people_who2,people,who,people_who,35
people_are2,people,are,people_are,25
people_to,people,to,people_to,17
people_in1,people,in,people_in,15
percent_of,percent,of,percent_of,66
percent_in,percent,in,percent_in,20
percent_from,percent,from,percent_from,15
piece_of,piece,of,piece_of,309
plans_to,plans,to,plans_to,35
please_follow,please,follow,please_follow,445
points_and,points,and,points_and,20
police_said,police,said,police_said,24
president_of,president,of,president_of,38
president_barack,president,barack,president_barack,15
pretty_sure,pretty,sure,pretty_sure,213
proud_of,proud,of,proud_of,285
quite_a,quite,a,quite_a,286
rather_than,rather,than,rather_than,497
rather_than1,rather,than,rather_than,24
read_the,read,the,read_the,277
ready_for,ready,for,ready_for,692
ready_to1,ready,to,ready_to,649
ready_to,ready,to,ready_to,359
ready_to2,ready,to,ready_to,20
rest_of,rest,of,rest_of,522
rest_of1,rest,of,rest_of,303
rest_of2,rest,of,rest_of,34
return_to,return,to,return_to,18
returned_to,returned,to,returned_to,16
right_now1,right,now,right_now,1673
right_now,right,now,right_now,508
right_now2,right,now,right_now,34
right_to,right,to,right_to,20
rt_i,rt,i,rt_i,527
rt_if,rt,if,rt_if,355
rt_the,rt,the,rt_the,262
rt_rt,rt,rt,rt_rt,204
s_o,s,o,s_o,297
s_a,s,a,s_a,21
said_that,said,that,said_that,344
said_he,said,he,said_he,157
said_the,said,the,said_the,147
said_it,said,it,said_it,57
said_â,said,â,said_â,56
said_in,said,in,said_in,56
said_i,said,i,said_i,49
said_that1,said,that,said_that,47
said_they,said,they,said_they,32
said_we,said,we,said_we,27
said_and,said,and,said_and,26
said_but,said,but,said_but,25
said_of,said,of,said_of,25
said_she,said,she,said_she,22
said_it's,said,it's,said_it's,22
said_his,said,his,said_his,20
same_time,same,time,same_time,18
san_diego,san,diego,san_diego,216
san_francisco,san,francisco,san_francisco,34
san_diego1,san,diego,san_diego,22
say_that,say,that,say_that,518
say_that1,say,that,say_that,260
say_the,say,the,say_the,20
say_that2,say,that,say_that,16
says_the,says,the,says_the,27
scheduled_to,scheduled,to,scheduled_to,20
school_and,school,and,school_and,17
season_and,season,and,season_and,19
see_you,see,you,see_you,1344
see_the,see,the,see_the,649
see_the1,see,the,see_the,530
see_it,see,it,see_it,334
see_what1,see,what,see_what,275
see_what,see,what,see_what,273
see_a,see,a,see_a,218
see_how,see,how,see_how,214
see_the2,see,the,see_the,21
seem_to,seem,to,seem_to,440
seems_to,seems,to,seems_to,465
seems_to1,seems,to,seems_to,18
sense_of,sense,of,sense_of,331
sense_of1,sense,of,sense_of,24
series_of,series,of,series_of,15
she_was,she,was,she_was,1111
she_is,she,is,she_is,755
she_had,she,had,she_had,411
she_has,she,has,she_has,389
she_is1,she,is,she_is,303
she_was1,she,was,she_was,218
she_said,she,said,she_said,93
she_was2,she,was,she_was,69
she_is2,she,is,she_is,30
she_has1,she,has,she_has,24
she_had1,she,had,she_had,21
she_says,she,says,she_says,20
should_be1,should,be,should_be,891
should_be,should,be,should_be,795
should_have1,should,have,should_have,330
should_have,should,have,should_have,311
should_be2,should,be,should_be,47
shout_out,shout,out,shout_out,390
side_of,side,of,side_of,427
side_of1,side,of,side_of,29
since_i,since,i,since_i,415
since_the,since,the,since_the,325
since_the1,since,the,since_the,33
so_i,so,i,so_i,2049
so_much1,so,much,so_much,1938
so_i1,so,i,so_i,1072
so_much,so,much,so_much,1049
so_that,so,that,so_that,671
so_many,so,many,so_many,631
so_many1,so,many,so_many,496
so_far1,so,far,so_far,492
so_we,so,we,so_we,472
so_excited,so,excited,so_excited,443
so_the,so,the,so_the,360
so_far,so,far,so_far,355
so_you,so,you,so_you,351
so_good,so,good,so_good,322
so_it,so,it,so_it,318
so_glad,so,glad,so_glad,285
so_you1,so,you,so_you,274
so_happy,so,happy,so_happy,250
so_we1,so,we,so_we,230
so_i2,so,i,so_i,28
so_many2,so,many,so_many,24
so_much2,so,much,so_much,20
so_far2,so,far,so_far,16
so_the1,so,the,so_the,16
social_media,social,media,social_media,394
some_of,some,of,some_of,1403
some_of1,some,of,some_of,448
some_people,some,people,some_people,214
some_of2,some,of,some_of,77
something_that,something,that,something_that,375
sorry_i,sorry,i,sorry_i,211
sort_of,sort,of,sort_of,489
sounds_like,sounds,like,sounds_like,380
st_louis,st,louis,st_louis,62
state_and,state,and,state_and,19
state_of,state,of,state_of,18
stateâ_s,stateâ,s,stateâ_s,15
stay_tuned,stay,tuned,stay_tuned,250
stop_by,stop,by,stop_by,286
such_a,such,a,such_a,744
such_a1,such,a,such_a,658
such_as,such,as,such_as,626
such_as1,such,as,such_as,86
such_a2,such,a,such_a,30
supposed_to,supposed,to,supposed_to,350
supposed_to1,supposed,to,supposed_to,215
supreme_court,supreme,court,supreme_court,19
sure_to,sure,to,sure_to,329
take_a,take,a,take_a,597
take_a1,take,a,take_a,489
take_the,take,the,take_the,308
take_it,take,it,take_it,204
take_a2,take,a,take_a,23
take_the1,take,the,take_the,15
taking_a,taking,a,taking_a,16
talk_to,talk,to,talk_to,426
talk_about1,talk,about,talk_about,348
talk_about,talk,about,talk_about,310
talk_about2,talk,about,talk_about,20
talking_about1,talking,about,talking_about,467
talking_about,talking,about,talking_about,323
talking_to,talking,to,talking_to,216
talking_about2,talking,about,talking_about,22
tell_me,tell,me,tell_me,467
tell_you,tell,you,tell_you,453
tell_you1,tell,you,tell_you,274
text_me,text,me,text_me,239
than_the,than,the,than_the,537
than_a,than,a,than_a,356
than_i,than,i,than_i,258
than_the1,than,the,than_the,216
than_a1,than,a,than_a,215
than_a2,than,a,than_a,51
than_the2,than,the,than_the,40
thank_you1,thank,you,thank_you,3319
thank_you,thank,you,thank_you,572
thanks_for,thanks,for,thanks_for,4384
thanks_to,thanks,to,thanks_to,668
thanks_so,thanks,so,thanks_so,294
thanks_to1,thanks,to,thanks_to,15
that_i,that,i,that_i,3653
that_the,that,the,that_the,2891
that_is,that,is,that_is,1873
that_we,that,we,that_we,1205
that_it,that,it,that_it,1152
that_i1,that,i,that_i,1122
that_you,that,you,that_you,1117
that_he,that,he,that_he,1100
that_they,that,they,that_they,987
that_is1,that,is,that_is,987
that_was,that,was,that_was,910
that_you1,that,you,that_you,749
that_was1,that,was,that_was,712
that_this,that,this,that_this,560
that_she,that,she,that_she,556
that_are,that,are,that_are,526
that_there,that,there,that_there,480
that_the1,that,the,that_the,479
that_will,that,will,that_will,441
that_would,that,would,that_would,432
that_my,that,my,that_my,430
that_a,that,a,that_a,415
that_has,that,has,that_has,372
that_if,that,if,that_if,324
that_one1,that,one,that_one,322
that_in,that,in,that_in,316
that_would1,that,would,that_would,316
that_have,that,have,that_have,280
that_i'm,that,i'm,that_i'm,279
that_one,that,one,that_one,271
that_we1,that,we,that_we,266
that_can,that,can,that_can,260
that_i'm1,that,i'm,that_i'm,225
that_it1,that,it,that_it,211
that_a1,that,a,that_a,207
that_the2,that,the,that_the,188
that_he1,that,he,that_he,95
that_is2,that,is,that_is,56
that_would2,that,would,that_would,54
that_was2,that,was,that_was,49
that_i2,that,i,that_i,49
that_they1,that,they,that_they,47
that_will1,that,will,that_will,46
that_we2,that,we,that_we,42
that_it2,that,it,that_it,40
that_has1,that,has,that_has,36
that_a2,that,a,that_a,35
that_are1,that,are,that_are,34
that_could,that,could,that_could,34
that_his,that,his,that_his,28
that_you2,that,you,that_you,19
that_if1,that,if,that_if,19
that_she1,that,she,that_she,19
that_have1,that,have,that_have,18
thatâ_s,thatâ,s,thatâ_s,19
that's_a,that's,a,that's_a,314
that's_what,that's,what,that's_what,266
that's_the,that's,the,that's_the,217
the_first,the,first,the_first,2156
the_same,the,same,the_same,2152
the_best1,the,best,the_best,1893
the_other,the,other,the_other,1444
the_world,the,world,the_world,1423
the_most,the,most,the_most,1362
the_way,the,way,the_way,1344
the_same1,the,same,the_same,1327
the_time,the,time,the_time,1300
the_next,the,next,the_next,1165
the_world1,the,world,the_world,1140
the_best,the,best,the_best,1137
the_last,the,last,the_last,1098
the_end,the,end,the_end,1067
the_new1,the,new,the_new,1014
the_first1,the,first,the_first,933
the_day1,the,day,the_day,906
the_new,the,new,the_new,905
the_only,the,only,the_only,902
the_only1,the,only,the_only,842
the_follow,the,follow,the_follow,811
the_way1,the,way,the_way,805
the_day,the,day,the_day,801
the_most1,the,most,the_most,783
the_book,the,book,the_book,690
the_whole,the,whole,the_whole,680
the_fact,the,fact,the_fact,675
the_story,the,story,the_story,653
the_next1,the,next,the_next,651
the_right,the,right,the_right,650
the_last1,the,last,the_last,634
the_rest,the,rest,the_rest,627
the_past,the,past,the_past,623
the_one,the,one,the_one,618
the_top,the,top,the_top,596
the_game1,the,game,the_game,574
the_people,the,people,the_people,549
the_house,the,house,the_house,534
the_time1,the,time,the_time,528
the_two,the,two,the_two,516
the_second,the,second,the_second,502
the_end1,the,end,the_end,488
the_rt,the,rt,the_rt,463
the_other1,the,other,the_other,453
the_kids,the,kids,the_kids,428
the_back,the,back,the_back,426
the_one1,the,one,the_one,419
the_city,the,city,the_city,393
the_idea,the,idea,the_idea,390
the_show,the,show,the_show,389
the_very,the,very,the_very,387
the_year,the,year,the_year,381
the_lord,the,lord,the_lord,380
the_word1,the,word,the_word,376
the_entire,the,entire,the_entire,374
the_more,the,more,the_more,371
the_middle,the,middle,the_middle,369
the_whole1,the,whole,the_whole,363
the_rest1,the,rest,the_rest,359
the_word,the,word,the_word,358
the_big,the,big,the_big,355
the_following,the,following,the_following,349
the_film,the,film,the_film,346
the_main,the,main,the_main,339
the_right1,the,right,the_right,334
the_night,the,night,the_night,329
the_old,the,old,the_old,328
the_bottom,the,bottom,the_bottom,327
the_morning,the,morning,the_morning,324
the_truth,the,truth,the_truth,322
the_sun,the,sun,the_sun,322
the_future,the,future,the_future,308
the_point,the,point,the_point,305
the_country,the,country,the_country,304
the_weekend,the,weekend,the_weekend,303
the_door,the,door,the_door,300
the_game,the,game,the_game,297
the_case,the,case,the_case,294
the_great,the,great,the_great,292
the_good,the,good,the_good,290
the_moment,the,moment,the_moment,289
the_worst,the,worst,the_worst,289
the_man,the,man,the_man,283
the_little,the,little,the_little,280
the_united,the,united,the_united,276
the_government,the,government,the_government,276
the_night1,the,night,the_night,276
the_original,the,original,the_original,275
the_big1,the,big,the_big,274
the_real,the,real,the_real,273
the_road,the,road,the_road,268
the_front,the,front,the_front,267
the_movie,the,movie,the_movie,267
the_good1,the,good,the_good,267
the_fuck,the,fuck,the_fuck,267
the_beginning,the,beginning,the_beginning,266
the_future1,the,future,the_future,264
the_things,the,things,the_things,262
the_room,the,room,the_room,261
the_car,the,car,the_car,260
the_people1,the,people,the_people,260
the_past1,the,past,the_past,254
the_year1,the,year,the_year,253
the_house1,the,house,the_house,235
the_hell,the,hell,the_hell,234
the_great1,the,great,the_great,229
the_gym,the,gym,the_gym,227
the_top1,the,top,the_top,220
the_week,the,week,the_week,217
the_sun1,the,sun,the_sun,210
the_truth1,the,truth,the_truth,202
the_first2,the,first,the_first,200
the_state,the,state,the_state,135
the_same2,the,same,the_same,119
the_new2,the,new,the_new,99
the_city1,the,city,the_city,90
the_u.s,the,u.s,the_u.s,86
the_most2,the,most,the_most,81
the_company,the,company,the_company,81
the_last2,the,last,the_last,78
the_second1,the,second,the_second,69
the_time2,the,time,the_time,66
the_best2,the,best,the_best,64
the_next2,the,next,the_next,62
the_game2,the,game,the_game,60
the_only2,the,only,the_only,60
the_year2,the,year,the_year,57
the_past2,the,past,the_past,56
the_two1,the,two,the_two,55
the_way2,the,way,the_way,52
the_world2,the,world,the_world,51
the_case1,the,case,the_case,49
the_other2,the,other,the_other,48
the_season,the,season,the_season,48
the_end2,the,end,the_end,47
the_country1,the,country,the_country,46
the_top2,the,top,the_top,45
the_team,the,team,the_team,45
the_rest2,the,rest,the_rest,42
the_right2,the,right,the_right,42
the_day2,the,day,the_day,41
the_house2,the,house,the_house,40
the_united1,the,united,the_united,40
the_national,the,national,the_national,39
the_big2,the,big,the_big,37
the_final,the,final,the_final,36
the_american,the,american,the_american,35
the_school,the,school,the_school,34
the_public,the,public,the_public,32
the_university,the,university,the_university,32
the_blazers,the,blazers,the_blazers,32
the_federal,the,federal,the_federal,31
the_man1,the,man,the_man,31
the_state's,the,state's,the_state's,31
the_family,the,family,the_family,30
the_government1,the,government,the_government,30
the_number,the,number,the_number,30
the_entire1,the,entire,the_entire,28
the_group,the,group,the_group,28
the_ball,the,ball,the_ball,28
the_fact1,the,fact,the_fact,27
the_county,the,county,the_county,27
the_money,the,money,the_money,27
the_street,the,street,the_street,26
the_middle1,the,middle,the_middle,26
the_law,the,law,the_law,26
the_third,the,third,the_third,26
the_bill,the,bill,the_bill,26
the_show1,the,show,the_show,26
the_economy,the,economy,the_economy,25
the_district,the,district,the_district,25
the_court,the,court,the_court,24
the_project,the,project,the_project,24
the_latest,the,latest,the_latest,24
the_cardinals,the,cardinals,the_cardinals,24
the_nfl,the,nfl,the_nfl,23
the_league,the,league,the_league,23
the_company's,the,company's,the_company's,23
the_area,the,area,the_area,23
the_hospital,the,hospital,the_hospital,22
the_idea1,the,idea,the_idea,22
the_program,the,program,the_program,22
the_former,the,former,the_former,21
the_board,the,board,the_board,21
the_biggest,the,biggest,the_biggest,21
the_event,the,event,the_event,21
the_future2,the,future,the_future,21
the_back1,the,back,the_back,20
the_front1,the,front,the_front,20
the_city's,the,city's,the_city's,20
the_los,the,los,the_los,20
the_name,the,name,the_name,20
the_home,the,home,the_home,20
the_blues,the,blues,the_blues,20
the_scene,the,scene,the_scene,20
the_field,the,field,the_field,20
the_car1,the,car,the_car,20
the_park,the,park,the_park,19
the_high,the,high,the_high,19
the_report,the,report,the_report,19
the_people2,the,people,the_people,19
the_san,the,san,the_san,19
the_department,the,department,the_department,19
the_whole2,the,whole,the_whole,19
the_road1,the,road,the_road,19
the_site,the,site,the_site,18
the_race,the,race,the_race,18
the_players,the,players,the_players,18
the_result,the,result,the_result,18
the_council,the,council,the_council,18
the_process,the,process,the_process,18
the_fourth,the,fourth,the_fourth,18
the_legislature,the,legislature,the_legislature,18
the_agency,the,agency,the_agency,17
the_menu,the,menu,the_menu,17
the_main1,the,main,the_main,17
the_playoffs,the,playoffs,the_playoffs,17
the_story1,the,story,the_story,17
the_ncaa,the,ncaa,the_ncaa,17
the_president,the,president,the_president,17
the_market,the,market,the_market,16
the_center,the,center,the_center,16
the_course,the,course,the_course,16
the_nba,the,nba,the_nba,16
the_fire,the,fire,the_fire,16
the_issue,the,issue,the_issue,16
the_current,the,current,the_current,16
the_senate,the,senate,the_senate,16
the_community,the,community,the_community,16
the_morning1,the,morning,the_morning,16
the_air,the,air,the_air,16
the_browns,the,browns,the_browns,16
the_three,the,three,the_three,15
the_power,the,power,the_power,15
their_own,their,own,their_own,566
their_own1,their,own,their_own,23
them_to,them,to,them_to,626
them_and,them,and,them_and,422
them_in,them,in,them_in,382
them_to1,them,to,them_to,232
them_to2,them,to,them_to,49
then_i,then,i,then_i,573
then_the,then,the,then_the,312
then_i1,then,i,then_i,258
there_is,there,is,there_is,1922
there_are,there,are,there_are,1783
there_was,there,was,there_was,1045
there_is1,there,is,there_is,873
there_are1,there,are,there_are,572
there_were,there,were,there_were,549
there_was1,there,was,there_was,209
there_are2,there,are,there_are,87
there_is2,there,is,there_is,65
there_was2,there,was,there_was,40
there_were1,there,were,there_were,32
there_and,there,and,there_and,25
there_will,there,will,there_will,18
thereâ_s,thereâ,s,thereâ_s,18
there's_a,there's,a,there's_a,312
there's_a1,there's,a,there's_a,299
there's_a2,there's,a,there's_a,28
there's_no,there's,no,there's_no,15
these_are,these,are,these_are,335
they_are,they,are,they_are,1993
they_were,they,were,they_were,1222
they_are1,they,are,they_are,851
they_have,they,have,they_have,780
they_can,they,can,they_can,390
they_will,they,will,they_will,389
they_had,they,had,they_had,383
they_have1,they,have,they_have,349
they_don't,they,don't,they_don't,304
they_would,they,would,they_would,303
they_do,they,do,they_do,272
they_were1,they,were,they_were,256
they_don't1,they,don't,they_don't,215
they_are2,they,are,they_are,65
they_were2,they,were,they_were,59
they_have2,they,have,they_have,55
they_can1,they,can,they_can,28
they_had1,they,had,they_had,24
they_will1,they,will,they_will,18
they_would1,they,would,they_would,18
things_that,things,that,things_that,375
think_i1,think,i,think_i,576
think_i,think,i,think_i,414
think_that,think,that,think_that,407
think_of,think,of,think_of,404
think_of1,think,of,think_of,359
think_about,think,about,think_about,345
think_it,think,it,think_it,306
think_about1,think,about,think_about,271
think_you,think,you,think_you,234
think_it's,think,it's,think_it's,199
think_the,think,the,think_the,17
thinking_about,thinking,about,thinking_about,265
this_is,this,is,this_is,2930
this_is1,this,is,this_is,1555
this_weekend,this,weekend,this_weekend,809
this_was,this,was,this_was,756
this_morning1,this,morning,this_morning,709
this_week1,this,week,this_week,707
this_week,this,week,this_week,651
this_year,this,year,this_year,646
this_year1,this,year,this_year,571
this_time,this,time,this_time,569
this_one,this,one,this_one,564
this_morning,this,morning,this_morning,326
this_book,this,book,this_book,313
this_blog,this,blog,this_blog,303
this_post,this,post,this_post,288
this_time1,this,time,this_time,247
this_summer,this,summer,this_summer,235
this_one1,this,one,this_one,228
this_is2,this,is,this_is,101
this_year2,this,year,this_year,86
this_season,this,season,this_season,45
this_week2,this,week,this_week,33
this_month,this,month,this_month,24
this_time2,this,time,this_time,20
those_who,those,who,those_who,587
those_who1,those,who,those_who,283
those_who2,those,who,those_who,25
though_i,though,i,though_i,335
though_the,though,the,though_the,18
thousands_of,thousands,of,thousands_of,20
three_years,three,years,three_years,34
through_the,through,the,through_the,1035
through_the1,through,the,through_the,257
through_the2,through,the,through_the,45
through_a,through,a,through_a,21
time_to1,time,to,time_to,1060
time_to,time,to,time_to,1036
time_i,time,i,time_i,778
time_and,time,and,time_and,518
time_for1,time,for,time_for,499
time_i1,time,i,time_i,425
time_for,time,for,time_for,340
time_in,time,in,time_in,271
time_to2,time,to,time_to,47
time_in1,time,in,time_in,30
time_for2,time,for,time_for,23
time_of,time,of,time_of,21
time_and1,time,and,time_and,21
to_the,to,the,to_the,8439
to_be,to,be,to_be,6903
to_be1,to,be,to_be,4834
to_the1,to,the,to_the,4323
to_get1,to,get,to_get,2716
to_see1,to,see,to_see,2679
to_do,to,do,to_do,2559
to_get,to,get,to_get,2470
to_make,to,make,to_make,2173
to_a,to,a,to_a,1960
to_go1,to,go,to_go,1849
to_do1,to,do,to_do,1794
to_see,to,see,to_see,1709
to_have,to,have,to_have,1642
to_go,to,go,to_go,1424
to_me,to,me,to_me,1296
to_me1,to,me,to_me,1252
to_you1,to,you,to_you,1149
to_make1,to,make,to_make,1147
to_my,to,my,to_my,1138
to_take,to,take,to_take,1126
to_my1,to,my,to_my,1119
to_have1,to,have,to_have,1077
to_say,to,say,to_say,1045
to_a1,to,a,to_a,1033
to_find,to,find,to_find,857
to_hear1,to,hear,to_hear,842
to_all1,to,all,to_all,815
to_keep,to,keep,to_keep,794
to_use,to,use,to_use,718
to_work,to,work,to_work,681
to_help,to,help,to_help,680
to_work1,to,work,to_work,672
to_say1,to,say,to_say,662
to_give,to,give,to_give,648
to_the2,to,the,to_the,631
to_know,to,know,to_know,620
to_come,to,come,to_come,585
to_this,to,this,to_this,577
to_come1,to,come,to_come,571
to_take1,to,take,to_take,570
to_start1,to,start,to_start,563
to_know1,to,know,to_know,552
to_watch,to,watch,to_watch,536
to_meet,to,meet,to_meet,530
to_your1,to,your,to_your,526
to_her,to,her,to_her,513
to_you,to,you,to_you,512
to_share,to,share,to_share,507
to_try,to,try,to_try,505
to_your,to,your,to_your,489
to_his,to,his,to_his,489
to_read,to,read,to_read,486
to_find1,to,find,to_find,485
to_help1,to,help,to_help,484
to_put,to,put,to_put,458
to_start,to,start,to_start,455
to_follow,to,follow,to_follow,450
to_write,to,write,to_write,442
to_think,to,think,to_think,435
to_tell,to,tell,to_tell,429
to_look,to,look,to_look,424
to_their,to,their,to_their,419
to_talk1,to,talk,to_talk,418
to_win,to,win,to_win,416
to_sleep,to,sleep,to_sleep,412
to_our1,to,our,to_our,406
to_be2,to,be,to_be,397
to_create,to,create,to_create,394
to_our,to,our,to_our,393
to_play1,to,play,to_play,388
to_it,to,it,to_it,367
to_give1,to,give,to_give,365
to_it1,to,it,to_it,356
to_keep1,to,keep,to_keep,351
to_show,to,show,to_show,348
to_play,to,play,to_play,342
to_them,to,them,to_them,336
to_stop,to,stop,to_stop,328
to_bed,to,bed,to_bed,324
to_all,to,all,to_all,322
to_him,to,him,to_him,321
to_live,to,live,to_live,316
to_for,to,for,to_for,312
to_hear,to,hear,to_hear,303
to_that,to,that,to_that,301
to_use1,to,use,to_use,299
to_change,to,change,to_change,294
to_let,to,let,to_let,291
to_bring,to,bring,to_bring,290
to_eat,to,eat,to_eat,289
to_leave,to,leave,to_leave,285
to_learn,to,learn,to_learn,283
to_an,to,an,to_an,282
to_talk,to,talk,to_talk,275
to_buy,to,buy,to_buy,274
to_stop1,to,stop,to_stop,270
to_stay,to,stay,to_stay,269
to_us,to,us,to_us,266
to_tell1,to,tell,to_tell,265
to_eat1,to,eat,to_eat,265
to_learn1,to,learn,to_learn,263
to_read1,to,read,to_read,262
to_pay,to,pay,to_pay,259
to_move,to,move,to_move,259
to_add,to,add,to_add,259
to_try1,to,try,to_try,254
to_check,to,check,to_check,249
to_put1,to,put,to_put,246
to_think1,to,think,to_think,239
to_live1,to,live,to_live,239
to_this1,to,this,to_this,237
to_stay1,to,stay,to_stay,230
to_school,to,school,to_school,229
to_look1,to,look,to_look,227
to_everyone,to,everyone,to_everyone,216
to_that1,to,that,to_that,213
to_buy1,to,buy,to_buy,201
to_a2,to,a,to_a,200
to_get2,to,get,to_get,128
to_do2,to,do,to_do,118
to_make2,to,make,to_make,110
to_have2,to,have,to_have,96
to_see2,to,see,to_see,72
to_take2,to,take,to_take,64
to_go2,to,go,to_go,62
to_keep2,to,keep,to_keep,57
to_help2,to,help,to_help,55
to_win1,to,win,to_win,49
to_his1,to,his,to_his,48
to_work2,to,work,to_work,45
to_find2,to,find,to_find,45
to_play2,to,play,to_play,42
to_pay1,to,pay,to_pay,40
to_an1,to,an,to_an,35
to_say2,to,say,to_say,34
to_give2,to,give,to_give,34
to_their1,to,their,to_their,34
to_come2,to,come,to_come,34
to_start2,to,start,to_start,28
to_use2,to,use,to_use,27
to_stay2,to,stay,to_stay,27
to_put2,to,put,to_put,26
to_build,to,build,to_build,25
to_one,to,one,to_one,24
to_raise,to,raise,to_raise,23
to_bring1,to,bring,to_bring,23
to_run,to,run,to_run,22
to_know2,to,know,to_know,22
to_look2,to,look,to_look,22
to_her1,to,her,to_her,21
to_reach,to,reach,to_reach,20
to_protect,to,protect,to_protect,20
to_its,to,its,to_its,20
to_buy2,to,buy,to_buy,19
to_me2,to,me,to_me,19
to_stop2,to,stop,to_stop,19
to_cut,to,cut,to_cut,18
to_become,to,become,to_become,18
to_this2,to,this,to_this,18
to_provide,to,provide,to_provide,17
to_hear2,to,hear,to_hear,17
to_end,to,end,to_end,17
to_him1,to,him,to_him,17
to_save,to,save,to_save,17
to_try2,to,try,to_try,17
to_move1,to,move,to_move,17
to_speak,to,speak,to_speak,16
to_change1,to,change,to_change,16
today_is,today,is,today_is,395
today_i1,today,i,today_i,305
today_i,today,i,today_i,296
today_and,today,and,today_and,263
told_me,told,me,told_me,330
told_me1,told,me,told_me,255
told_the,told,the,told_the,27
tonight_at,tonight,at,tonight_at,368
too_much,too,much,too_much,448
too_much1,too,much,too_much,444
too_much2,too,much,too_much,20
too_many,too,many,too_many,16
took_a,took,a,took_a,16
top_of,top,of,top_of,375
top_of1,top,of,top_of,20
tried_to,tried,to,tried_to,414
tried_to1,tried,to,tried_to,30
try_to,try,to,try_to,651
try_to1,try,to,try_to,490
try_to2,try,to,try_to,48
trying_to,trying,to,trying_to,1120
trying_to1,trying,to,trying_to,1053
trying_to2,trying,to,trying_to,57
two_years,two,years,two_years,26
two_of,two,of,two_of,21
type_of,type,of,type_of,273
type_of1,type,of,type_of,24
under_the,under,the,under_the,482
under_the1,under,the,under_the,50
under_a,under,a,under_a,17
united_states,united,states,united_states,38
university_of,university,of,university_of,25
until_the,until,the,until_the,313
until_the1,until,the,until_the,31
up_to,up,to,up_to,1060
up_with,up,with,up_with,773
up_and,up,and,up_and,768
up_the,up,the,up_the,763
up_to1,up,to,up_to,696
up_with1,up,with,up_with,566
up_in,up,in,up_in,560
up_for1,up,for,up_for,550
up_and1,up,and,up_and,514
up_on1,up,on,up_on,486
up_a,up,a,up_a,443
up_the1,up,the,up_the,420
up_on,up,on,up_on,412
up_in1,up,in,up_in,405
up_for,up,for,up_for,361
up_a1,up,a,up_a,290
up_at,up,at,up_at,254
up_my,up,my,up_my,219
up_to2,up,to,up_to,73
up_the2,up,the,up_the,49
up_with2,up,with,up_with,38
up_and2,up,and,up_and,34
up_in2,up,in,up_in,32
up_a2,up,a,up_a,29
up_for2,up,for,up_for,24
up_on2,up,on,up_on,24
us_to,us,to,us_to,440
us_know,us,know,us_know,234
us_to1,us,to,us_to,24
use_the,use,the,use_the,294
use_of,use,of,use_of,284
use_of1,use,of,use_of,20
use_the1,use,the,use_the,16
used_to,used,to,used_to,752
used_to1,used,to,used_to,451
used_to2,used,to,used_to,50
vice_president,vice,president,vice_president,24
wait_to,wait,to,wait_to,922
wait_for,wait,for,wait_for,516
waiting_for1,waiting,for,waiting_for,367
waiting_for,waiting,for,waiting_for,291
wake_up,wake,up,wake_up,271
want_to1,want,to,want_to,2547
want_to,want,to,want_to,2370
want_a,want,a,want_a,311
want_to2,want,to,want_to,121
wanted_to,wanted,to,wanted_to,1053
wanted_to1,wanted,to,wanted_to,405
wanted_to2,wanted,to,wanted_to,41
wants_to1,wants,to,wants_to,391
wants_to,wants,to,wants_to,308
wants_to2,wants,to,wants_to,29
was_a,was,a,was_a,2525
was_the,was,the,was_the,1310
was_a1,was,a,was_a,1100
was_not,was,not,was_not,703
was_in,was,in,was_in,608
was_the1,was,the,was_the,577
was_so,was,so,was_so,490
was_going,was,going,was_going,453
was_to,was,to,was_to,387
was_just1,was,just,was_just,353
was_just,was,just,was_just,350
was_an,was,an,was_an,330
was_that,was,that,was_that,291
was_in1,was,in,was_in,280
was_very,was,very,was_very,275
was_no,was,no,was_no,267
was_so1,was,so,was_so,267
was_a2,was,a,was_a,164
was_the2,was,the,was_the,90
was_not1,was,not,was_not,43
was_in2,was,in,was_in,35
was_an1,was,an,was_an,23
was_just2,was,just,was_just,21
was_going1,was,going,was_going,18
was_to1,was,to,was_to,17
was_no1,was,no,was_no,15
watch_the,watch,the,watch_the,256
watching_the,watching,the,watching_the,407
way_to1,way,to,way_to,1083
way_to,way,to,way_to,832
way_of,way,of,way_of,323
way_to2,way,to,way_to,44
way_of1,way,of,way_of,15
ways_to,ways,to,ways_to,15
we_are,we,are,we_are,1705
we_are1,we,are,we_are,1562
we_have,we,have,we_have,1415
we_were,we,were,we_were,1123
we_have1,we,have,we_have,989
we_can1,we,can,we_can,809
we_had,we,had,we_had,735
we_can,we,can,we_can,650
we_will1,we,will,we_will,600
we_will,we,will,we_will,514
we_need1,we,need,we_need,484
we_all,we,all,we_all,403
we_don't,we,don't,we_don't,317
we_need,we,need,we_need,312
we_do,we,do,we_do,311
we_love,we,love,we_love,305
we_got,we,got,we_got,299
we_could,we,could,we_could,279
we_do1,we,do,we_do,265
we_all1,we,all,we_all,253
we_should,we,should,we_should,253
we_were1,we,were,we_were,244
we_just,we,just,we_just,227
we_got1,we,got,we_got,221
we_don't1,we,don't,we_don't,219
we_have2,we,have,we_have,79
we_are2,we,are,we_are,59
we_were2,we,were,we_were,36
we_had1,we,had,we_had,28
we_can2,we,can,we_can,23
we_need2,we,need,we_need,23
we_don't2,we,don't,we_don't,20
welcome_to,welcome,to,welcome_to,374
well_as,well,as,well_as,709
well_i,well,i,well_i,342
well_i1,well,i,well_i,276
well_as1,well,as,well_as,47
we'll_be,we'll,be,we'll_be,213
went_to,went,to,went_to,581
went_to1,went,to,went_to,369
went_to2,went,to,went_to,25
were_the,were,the,were_the,18
what_i,what,i,what_i,1248
what_you1,what,you,what_you,972
what_i1,what,i,what_i,822
what_a1,what,a,what_a,760
what_is1,what,is,what_is,709
what_is,what,is,what_is,685
what_the,what,the,what_the,541
what_you,what,you,what_you,533
what_are,what,are,what_are,515
what_we,what,we,what_we,423
what_do,what,do,what_do,423
what_the1,what,the,what_the,410
what_they,what,they,what_they,406
what_it,what,it,what_it,392
what_was,what,was,what_was,317
what_a,what,a,what_a,312
what_to,what,to,what_to,252
what_we1,what,we,what_we,234
what_it1,what,it,what_it,220
what_they1,what,they,what_they,212
what_did,what,did,what_did,206
what_he,what,he,what_he,24
what_the2,what,the,what_the,24
what_it2,what,it,what_it,23
what_you2,what,you,what_you,20
what_they2,what,they,what_they,19
what_we2,what,we,what_we,18
what_i2,what,i,what_i,18
what_is2,what,is,what_is,17
what's_up,what's,up,what's_up,236
what's_the,what's,the,what's_the,225
when_i,when,i,when_i,2410
when_i1,when,i,when_i,1461
when_you1,when,you,when_you,1382
when_the,when,the,when_the,908
when_you,when,you,when_you,833
when_we,when,we,when_we,693
when_it,when,it,when_it,575
when_he,when,he,when_he,522
when_they,when,they,when_they,521
when_she,when,she,when_she,355
when_the1,when,the,when_the,325
when_they1,when,they,when_they,279
when_we1,when,we,when_we,247
when_it1,when,it,when_it,244
when_u,when,u,when_u,222
when_he1,when,he,when_he,216
when_i'm,when,i'm,when_i'm,212
when_your,when,your,when_your,209
when_you're,when,you're,when_you're,206
when_the2,when,the,when_the,87
when_he2,when,he,when_he,56
when_i2,when,i,when_i,33
when_you2,when,you,when_you,30
when_it2,when,it,when_it,28
when_they2,when,they,when_they,27
when_she1,when,she,when_she,22
when_we2,when,we,when_we,21
when_asked,when,asked,when_asked,16
where_the,where,the,where_the,486
where_i,where,i,where_i,470
where_you,where,you,where_you,289
where_i1,where,i,where_i,224
where_is,where,is,where_is,217
where_are,where,are,where_are,203
where_he,where,he,where_he,34
where_the1,where,the,where_the,30
which_is,which,is,which_is,1118
which_i,which,i,which_i,550
which_was,which,was,which_was,358
which_is1,which,is,which_is,51
which_was1,which,was,which_was,25
which_has,which,has,which_has,21
which_he,which,he,which_he,17
while_i,while,i,while_i,376
while_the,while,the,while_the,345
while_the1,while,the,while_the,31
white_house,white,house,white_house,19
who_are,who,are,who_are,516
who_is,who,is,who_is,511
who_is1,who,is,who_is,393
who_have,who,have,who_have,346
who_has,who,has,who_has,325
who_was,who,was,who_was,293
who_are1,who,are,who_are,224
who_has1,who,has,who_has,52
who_was1,who,was,who_was,46
who_is2,who,is,who_is,43
who_are2,who,are,who_are,32
who_had,who,had,who_had,26
who_have1,who,have,who_have,23
who_said,who,said,who_said,16
why_is,why,is,why_is,337
why_do,why,do,why_do,323
why_i1,why,i,why_i,317
why_i,why,i,why_i,284
will_be,will,be,will_be,2710
will_be1,will,be,will_be,2562
will_not,will,not,will_not,418
will_have,will,have,will_have,415
will_you,will,you,will_you,302
will_never,will,never,will_never,269
will_do,will,do,will_do,249
will_have1,will,have,will_have,248
will_be2,will,be,will_be,191
will_have2,will,have,will_have,28
will_not1,will,not,will_not,20
willing_to,willing,to,willing_to,21
wish_i,wish,i,wish_i,698
with_the,with,the,with_the,4508
with_a,with,a,with_a,3334
with_the1,with,the,with_the,1866
with_a1,with,a,with_a,1443
with_my1,with,my,with_my,1034
with_my,with,my,with_my,992
with_you1,with,you,with_you,822
with_me1,with,me,with_me,531
with_me,with,me,with_me,522
with_her,with,her,with_her,517
with_this,with,this,with_this,508
with_his,with,his,with_his,465
with_it,with,it,with_it,437
with_your1,with,your,with_your,427
with_an,with,an,with_an,422
with_some,with,some,with_some,388
with_you,with,you,with_you,366
with_their,with,their,with_their,352
with_all,with,all,with_all,344
with_your,with,your,with_your,342
with_the2,with,the,with_the,333
with_them,with,them,with_them,320
with_that1,with,that,with_that,291
with_us1,with,us,with_us,291
with_a2,with,a,with_a,290
with_him,with,him,with_him,285
with_that,with,that,with_that,280
with_us,with,us,with_us,266
with_it1,with,it,with_it,210
with_this1,with,this,with_this,209
with_and,with,and,with_and,207
with_all1,with,all,with_all,205
with_his1,with,his,with_his,43
with_her1,with,her,with_her,31
with_an1,with,an,with_an,30
with_their1,with,their,with_their,22
with_its,with,its,with_its,17
within_the,within,the,within_the,281
woke_up,woke,up,woke_up,268
wonder_if,wonder,if,wonder_if,226
work_on,work,on,work_on,220
work_with,work,with,work_with,17
working_on1,working,on,working_on,527
working_on,working,on,working_on,272
working_with,working,with,working_with,17
working_on2,working,on,working_on,16
would_be,would,be,would_be,1778
would_be1,would,be,would_be,1162
would_have,would,have,would_have,901
would_love,would,love,would_love,458
would_have1,would,have,would_have,389
would_you,would,you,would_you,353
would_like,would,like,would_like,327
would_not,would,not,would_not,276
would_like1,would,like,would_like,275
would_be2,would,be,would_be,139
would_have2,would,have,would_have,70
would_not1,would,not,would_not,29
yeah_i,yeah,i,yeah_i,364
year_and,year,and,year_and,26
year_the,year,the,year_the,24
year_in,year,in,year_in,18
years_ago,years,ago,years_ago,485
years_ago1,years,ago,years_ago,52
years_in,years,in,years_in,25
years_and,years,and,years_and,25
years_of,years,of,years_of,22
yes_i,yes,i,yes_i,386
you_are1,you,are,you_are,2383
you_can,you,can,you_can,2283
you_have1,you,have,you_have,1889
you_are,you,are,you_are,1704
you_can1,you,can,you_can,1583
you_know1,you,know,you_know,1556
you_have,you,have,you_have,1550
you_for1,you,for,you_for,1039
you_know,you,know,you_know,943
you_guys,you,guys,you_guys,911
you_will,you,will,you_will,849
you_and1,you,and,you_and,833
you_want1,you,want,you_want,831
you_to1,you,to,you_to,830
you_don't1,you,don't,you_don't,792
you_to,you,to,you_to,716
you_think1,you,think,you_think,711
you_get1,you,get,you_get,708
you_should1,you,should,you_should,695
you_do1,you,do,you_do,692
you_don't,you,don't,you_don't,654
you_were1,you,were,you_were,654
you_want,you,want,you_want,647
you_too,you,too,you_too,622
you_need1,you,need,you_need,591
you_in,you,in,you_in,587
you_like1,you,like,you_like,531
you_will1,you,will,you_will,502
you_a,you,a,you_a,497
you_so,you,so,you_so,489
you_do,you,do,you_do,465
you_can't1,you,can't,you_can't,436
you_got,you,got,you_got,427
you_all1,you,all,you_all,417
you_may,you,may,you_may,413
you_just,you,just,you_just,411
you_think,you,think,you_think,408
you_and,you,and,you_and,403
you_i,you,i,you_i,403
you_need,you,need,you_need,393
you_get,you,get,you_get,379
you_on,you,on,you_on,358
you_see,you,see,you_see,349
you_love,you,love,you_love,347
you_at,you,at,you_at,346
you_could,you,could,you_could,336
you_all,you,all,you_all,330
you_could1,you,could,you_could,326
you_had,you,had,you_had,319
you_would,you,would,you_would,313
you_go,you,go,you_go,304
you_might,you,might,you_might,298
you_were,you,were,you_were,288
you_should,you,should,you_should,287
you_can't,you,can't,you_can't,286
you_see1,you,see,you_see,286
you_for,you,for,you_for,276
you_would1,you,would,you_would,275
you_like,you,like,you_like,274
you_the,you,the,you_the,270
you_feel,you,feel,you_feel,247
you_ever,you,ever,you_ever,240
you_there,you,there,you_there,239
you_going,you,going,you_going,225
you_make,you,make,you_make,220
you_be,you,be,you_be,218
you_been,you,been,you_been,217
you_say,you,say,you_say,215
you_look,you,look,you_look,208
you_mean,you,mean,you_mean,202
you_can2,you,can,you_can,73
you_have2,you,have,you_have,48
you_don't2,you,don't,you_don't,32
you_want2,you,want,you_want,32
you_know2,you,know,you_know,29
you_are2,you,are,you_are,24
you_can't2,you,can't,you_can't,17
you_think2,you,think,you_think,17
your_own,your,own,your_own,380
your_life,your,life,your_life,318
your_favorite,your,favorite,your_favorite,307
your_own1,your,own,your_own,231
you're_a,you're,a,you're_a,266
you're_not,you're,not,you're_not,235
you're_welcome,you're,welcome,you're_welcome,211
